Price,Year,Mileage,City,State,Vin,Make,Model,Year
8400,80000,51826,Sarasota, FL,KMHDC8AE3CU143891,Hyundai,Elantra,2012
9230,80000,52185,Fredericksburg, VA,KMHDB8AEXCU128954,Hyundai,Elantra,2012
9491,90000,24242,San Rafael, CA,KMHDC8AE7BU111296,Hyundai,Elantra,2011
10131,80000,27669,Cocoa, FL,KMHDB8AE2CU145957,Hyundai,Elantra,2012
10800,80000,18354,Joliet, IL,KMHDC8AE1CU146613,Hyundai,Elantra,2012
7975,90000,40970,Keller, TX,KMHDB8AE5BU111350,Hyundai,Elantra,2011
9938,80000,36616,Norwood, MA,KMHDC8AE1CU146532,Hyundai,Elantra,2012
8900,80000,44213,St. Petersburg, FL,KMHDC8AE4CU139199,Hyundai,Elantra,2012
7899,80000,60039,North Palm Beach, FL,KMHDC8AE9CU129266,Hyundai,Elantra,2012
8998,90000,47779,McKenna, WA,KMHDC8AE2BU118432,Hyundai,Elantra,2011
6495,90000,63207,Virginia Beach, VA,KMHDC8AE5BU102910,Hyundai,Elantra,2011
9494,90000,42105,Winter Park, FL,KMHDC8AE8BU090085,Hyundai,Elantra,2011
11370,80000,17704,St. Petersburg, FL,KMHDB8AE2CU140502,Hyundai,Elantra,2012
8995,100000,36591,Valdese, NC,KMHDB8AE0AU081480,Hyundai,Elantra,2010
11922,80000,25956,Milledgeville, GA,KMHDC8AE3CU147696,Hyundai,Elantra,2012
8950,80000,46587,Plano, TX,KMHDC8AE5CU155394,Hyundai,Elantra,2012
8498,80000,64512,Albany, NY,KMHDC8AE8CU131929,Hyundai,Elantra,2012
6555,90000,99257,Boise, ID,KMHDC8AE3BU125681,Hyundai,Elantra,2011
7983,100000,57431,Delray Beach, FL,KMHDC8AEXAU074047,Hyundai,Elantra,2010
8250,100000,51465,Keene, NH,KMHDC8AE8AU084138,Hyundai,Elantra,2010
7995,90000,48785,Graham, NC,KMHDB8AE5BU092508,Hyundai,Elantra,2011
8877,80000,67899,Clearwater, FL,KMHDB8AE8CU150323,Hyundai,Elantra,2012
10288,80000,35725,Painesville, OH,KMHDB8AE1CU144184,Hyundai,Elantra,2012
7291,100000,70875,Lewisville, TX,KMHDC8AE0AU063199,Hyundai,Elantra,2010
9000,80000,62074,San Leandro, CA,KMHDC8AE5CU138935,Hyundai,Elantra,2012
6995,40000,18859,Houston, TX,KMHD35LH7GU317215,Hyundai,Elantra,2016
7793,90000,78303,Gaithersburg, MD,KMHDC8AE7BU126025,Hyundai,Elantra,2011
8888,90000,50871,Bennington, VT,KMHDC8AE9BU105869,Hyundai,Elantra,2011
9000,90000,66581,Columbus, OH,KMHDC8AE7BU097805,Hyundai,Elantra,2011
10888,80000,33713,North Grafton, MA,KMHDC8AE1CU142500,Hyundai,Elantra,2012
11931,80000,31128,Latham, NY,KMHDC8AE4CU136741,Hyundai,Elantra,2012
7995,100000,63011,Countryside, IL,KMHDC8AEXAU059810,Hyundai,Elantra,2010
9990,80000,57246,Egg Harbor Township, NJ,KMHDC8AE6CU131914,Hyundai,Elantra,2012
6095,100000,79180,Houston, TX,KMHDC8AE0AU072727,Hyundai,Elantra,2010
7000,100000,69720,Union City, GA,KMHDC8AE1AU063387,Hyundai,Elantra,2010
8892,80000,81234,Matthews, NC,KMHDB8AE0CU127473,Hyundai,Elantra,2012
7899,90000,83255,St. Augustine, FL,KMHDC8AE5BU094577,Hyundai,Elantra,2011
8971,80000,74756,Columbia, CT,KMHDC8AE3CU156110,Hyundai,Elantra,2012
10850,90000,35250,Naugatuck, CT,KMHDB8AE5BU096249,Hyundai,Elantra,2011
8944,90000,75150,Raynham, MA,KMHDC8AE8BU095870,Hyundai,Elantra,2011
9995,80000,66165,Greensboro, NC,KMHDB8AE3CU140055,Hyundai,Elantra,2012
11395,80000,47993,Seekonk, MA,KMHDC8AEXCU142477,Hyundai,Elantra,2012
6884,100000,85488,Denton, TX,KMHDC8AE6AU073025,Hyundai,Elantra,2010
7900,100000,73178,Avon, IN,KMHDC8AE6AU056693,Hyundai,Elantra,2010
8995,90000,68763,Mahwah, NJ,KMHDC8AE1BU091322,Hyundai,Elantra,2011
7999,70000,31586,Hialeah, FL,KMHDH6AE0DU006768,Hyundai,Elantra,2013
9799,100000,47680,Bel Air, MD,KMHDB8AE9AU081607,Hyundai,Elantra,2010
7495,100000,72295,Portsmouth, NH,KMHDC8AE1AU055953,Hyundai,Elantra,2010
10695,80000,52462,St. Louis, MO,KMHDC8AE7CU147202,Hyundai,Elantra,2012
9900,100000,46192,Eden Prairie, MN,KMHDC8AE7AU073003,Hyundai,Elantra,2010
6999,90000,115498,Bremerton, WA,KMHDB8AE6BU088502,Hyundai,Elantra,2011
7895,100000,73186,Santa Ana, CA,KMHDC8AE6AU064731,Hyundai,Elantra,2010
6990,100000,84445,Dallas, TX,KMHDC8AE7AU065905,Hyundai,Elantra,2010
7985,90000,78940,Flemington, NJ,KMHDC8AE9BU101689,Hyundai,Elantra,2011
6991,100000,90985,Des Plaines, IL,KMHDC8AE2AU072342,Hyundai,Elantra,2010
9798,60000,45526,Hingham, MA,KMHDH6AH5EU025571,Hyundai,Elantra,2014
9202,90000,70318,Bristol, CT,KMHDC8AE1BU097086,Hyundai,Elantra,2011
10999,70000,14543,Schenectady, NY,KMHDH6AE4DU019538,Hyundai,Elantra,2013
10990,90000,68643,Mequon, WI,KMHDC8AE5BU096717,Hyundai,Elantra,2011
10000,100000,49313,Fairfax, VA,KMHDB8AE9AU078934,Hyundai,Elantra,2010
5472,100000,110561,Manchester, NH,KMHDB8AEXAU054156,Hyundai,Elantra,2010
7980,90000,85939,Freeport, NY,KMHDC8AE2BU096996,Hyundai,Elantra,2011
5999,100000,103616,West Chicago, IL,KMHDC8AE9AU077926,Hyundai,Elantra,2010
9999,90000,64346,Pensacola, FL,KMHDC8AE0BU117537,Hyundai,Elantra,2011
11000,60000,31388,Mt Pleasant, WI,KMHDH6AH1EU028483,Hyundai,Elantra,2014
10485,60000,26203,South Gate, CA,KMHDH6AH3EU029215,Hyundai,Elantra,2014
10295,90000,61229,Indianapolis, IN,KMHDC8AE3BU108086,Hyundai,Elantra,2011
11481,60000,30122,Cortlandt Manor, NY,KMHDH6AH3EU026086,Hyundai,Elantra,2014
9795,100000,60022,Savannah, GA,KMHDC8AE5AU058046,Hyundai,Elantra,2010
6495,90000,112223,Topeka, KS,KMHDC8AE4BU108291,Hyundai,Elantra,2011
9500,60000,41000,Garland, TX,KMHDH6AH7EU025202,Hyundai,Elantra,2014
10974,70000,23520,Plantation, FL,KMHDH6AE7DU015340,Hyundai,Elantra,2013
11994,60000,21000,East Hartford, CT,KMHDH6AH7EU026480,Hyundai,Elantra,2014
7999,100000,94633,SEYMOUR, IN,KMHDC8AE1AU064426,Hyundai,Elantra,2010
11750,40000,23626,Sterling, VA,KMHD35LH9GU341614,Hyundai,Elantra,2016
10998,70000,46990,Honolulu, HI,KMHDH6AE4DU004599,Hyundai,Elantra,2013
11495,30000,12531,Jamaica, NY,KMHD35LH7HU369381,Hyundai,Elantra,2017
12592,70000,16400,Englewood, CO,KMHDH6AE7DU018156,Hyundai,Elantra,2013
13995,30000,5436,Brooklyn Center, MN,KMHD35LH9HU377188,Hyundai,Elantra,2017
12750,60000,20697,BROCKTON, MA,KMHDH6AH4EU025531,Hyundai,Elantra,2014
11299,40000,7680,Boise, ID,KMHD35LH8GU323153,Hyundai,Elantra,2016
9998,70000,40744,York, PA,KMHDH6AE6DU019394,Hyundai,Elantra,2013
6550,70000,39265,Phoenix, AZ,KMHD35LE3DU046445,Hyundai,Elantra,2013
8902,90000,89920,Avenel, NJ,KMHDC8AE7BU096640,Hyundai,Elantra,2011
10750,70000,51147,Virginia Beach, VA,KMHDH6AE4DU016591,Hyundai,Elantra,2013
10695,40000,15467,Doral, FL,KMHD35LH2GU255691,Hyundai,Elantra,2016
11995,60000,35847,El Paso, TX,KMHDH6AH2EU028167,Hyundai,Elantra,2014
5990,90000,122240,Dallas, TX,KMHDC8AE9BU111221,Hyundai,Elantra,2011
9263,70000,47127,Towanda, PA,KMHDH6AE8DU016495,Hyundai,Elantra,2013
6496,100000,109930,Phoenix, AZ,KMHDC8AEXAU063307,Hyundai,Elantra,2010
12500,60000,23925,Denville, NJ,KMHDH6AH8EU028870,Hyundai,Elantra,2014
8497,70000,53762,Van Buren, AR,KMHDH6AE2DU015634,Hyundai,Elantra,2013
11499,70000,31060,South Charleston, WV,KMHDH6AE7DU015306,Hyundai,Elantra,2013
9995,70000,35892,Fuquay Varina, NC,KMHDH6AEXDU003523,Hyundai,Elantra,2013
13899,30000,255,Morrow, GA,KMHD35LH4HU354627,Hyundai,Elantra,2017
9795,70000,38799,Doral, FL,KMHDH6AE8DU006968,Hyundai,Elantra,2013
9895,70000,47800,Hamburg, PA,KMHDH6AEXDU012643,Hyundai,Elantra,2013
13900,60000,12453,Middletown, RI,KMHDH6AH0EU028829,Hyundai,Elantra,2014
9735,60000,49666,Atlanta, GA,KMHDH6AH4EU023911,Hyundai,Elantra,2014
11933,60000,40302,Fredericksburg, VA,KMHDH6AH5EU029281,Hyundai,Elantra,2014
11995,40000,4956,Doral, FL,KMHD35LH3GU337736,Hyundai,Elantra,2016
11812,70000,26154,Auburn, WA,KMHDH6AE0DU018452,Hyundai,Elantra,2013
13200,40000,17290,Tulsa, OK,KMHD35LH7GU304027,Hyundai,Elantra,2016
11750,70000,17926,Lawrence, KS,KMHDH6AE5DU014459,Hyundai,Elantra,2013
9150,70000,49421,Raleigh, NC,KMHDH6AE8DU020000,Hyundai,Elantra,2013
11990,60000,39301,Kansas City, MO,KMHDH6AH3EU026508,Hyundai,Elantra,2014
14994,30000,5857,San Antonio, TX,KMHD35LH7HU370157,Hyundai,Elantra,2017
11995,60000,35238,Broken Arrow, OK,KMHDH6AHXEU024853,Hyundai,Elantra,2014
13825,60000,15616,Philadelphia, PA,KMHDH6AH0EU028765,Hyundai,Elantra,2014
9795,100000,75317,West Palm Beach, FL,KMHDC8AE8AU069638,Hyundai,Elantra,2010
9965,70000,53709,Fredericksburg, VA,KMHDH6AEXDU006938,Hyundai,Elantra,2013
9998,70000,49158,Kirkland, WA,KMHDH6AE9DU004274,Hyundai,Elantra,2013
9915,70000,68049,Chesapeake, VA,KMHDH6AEXDU011721,Hyundai,Elantra,2013
10000,70000,55385,Lockhart, TX,KMHDH6AE6DU004765,Hyundai,Elantra,2013
9895,100000,74857,Miamisburg, OH,KMHDC8AE2AU066041,Hyundai,Elantra,2010
10599,40000,25776,West Palm Beach, FL,KMHD35LH4GU269642,Hyundai,Elantra,2016
11403,70000,32000,Melbourne, FL,KMHDH6AE3DU003590,Hyundai,Elantra,2013
9999,40000,34441,Salt Lake City, UT,KMHD35LH4GU325921,Hyundai,Elantra,2016
9495,100000,81331,Jacksonville, FL,KMHDC8AE4AU069121,Hyundai,Elantra,2010
11700,60000,30748,Framingham, MA,KMHDH6AH8EU026505,Hyundai,Elantra,2014
11995,30000,19485,Westampton, NJ,KMHD35LH6HU350160,Hyundai,Elantra,2017
7799,60000,94669,Matthews, NC,KMHDH6AHXEU029020,Hyundai,Elantra,2014
8000,70000,71100,Towanda, PA,KMHDH6AE9DU004744,Hyundai,Elantra,2013
12912,70000,14569,Chillicothe, OH,KMHDH6AE8DU022507,Hyundai,Elantra,2013
9998,70000,62136,Jacksonville, FL,KMHDH6AE6DU006399,Hyundai,Elantra,2013
9900,70000,66239,York, PA,KMHDH6AE0DU023568,Hyundai,Elantra,2013
11500,60000,34353,Charlotte, NC,KMHDH6AH9EU025413,Hyundai,Elantra,2014
11997,60000,38355,North Olmsted, OH,KMHDH6AH4EU024508,Hyundai,Elantra,2014
9500,70000,50084,Midlothian, VA,KMHDH6AEXDU006325,Hyundai,Elantra,2013
10995,70000,45476,Little Rock, AR,KMHDH6AE3DU004559,Hyundai,Elantra,2013
8846,70000,66362,Nanuet, NY,KMHDH6AE0DU016507,Hyundai,Elantra,2013
12614,70000,20005,Vienna, VA,KMHDH6AE6DU000909,Hyundai,Elantra,2013
12800,40000,11215,Miami, FL,KMHD35LH7GU332328,Hyundai,Elantra,2016
11980,70000,21279,Mundelein, IL,KMHDH6AE7DU014740,Hyundai,Elantra,2013
12989,50000,19385,Chantilly, VA,KMHD35LH7FU238657,Hyundai,Elantra,2015
7990,70000,69595,Newport, RI,KMHDH6AE2DU002740,Hyundai,Elantra,2013
11999,30000,22187,Chicago, IL,KMHD35LH4HU349878,Hyundai,Elantra,2017
11287,60000,57225,Lafayette, IN,KMHDH6AH6EU024526,Hyundai,Elantra,2014
12000,60000,30417,Louisville, KY,KMHDH6AH5EU027983,Hyundai,Elantra,2014
8990,70000,58196,Ansonia, CT,KMHDH6AE3DU003962,Hyundai,Elantra,2013
12499,40000,14281,Hickory, NC,KMHD35LH1GU283921,Hyundai,Elantra,2016
12199,30000,20321,Chicago, IL,KMHD35LHXHU350016,Hyundai,Elantra,2017
9555,70000,68681,East Providence, RI,KMHDH6AE1DU015110,Hyundai,Elantra,2013
13932,30000,21083,Sandy, UT,KMHD35LH4HU352893,Hyundai,Elantra,2017
8690,70000,72240,Auburn, WA,KMHDH6AE5DU014669,Hyundai,Elantra,2013
8987,60000,33972,Fort Wayne, IN,KMHD35LH8EU165796,Hyundai,Elantra,2014
13206,40000,12320,Brook Park, OH,KMHD35LH1GU317632,Hyundai,Elantra,2016
12000,60000,16071,Cedar Rapids, IA,KMHD35LH3EU202396,Hyundai,Elantra,2014
14499,60000,11703,HENDERSONVILLE, TN,KMHDH6AH9EU028179,Hyundai,Elantra,2014
9695,70000,60589,Springfield, VA,KMHDH6AE6DU004118,Hyundai,Elantra,2013
13900,30000,3295,Hollywood, FL,KMHD35LH8HU374881,Hyundai,Elantra,2017
14499,60000,11812,Freehold, NJ,KMHDH6AH0EU027759,Hyundai,Elantra,2014
9999,70000,47605,Sacramento, CA,KMHDH6AE8DU011006,Hyundai,Elantra,2013
13525,30000,5805,North Salt Lake, UT,KMHD35LH2HU380711,Hyundai,Elantra,2017
11495,40000,21718,Pompano Beach, FL,KMHD35LH7GU253077,Hyundai,Elantra,2016
10995,90000,77219,Houston, TX,KMHDB8AE9BU106717,Hyundai,Elantra,2011
12800,30000,37186,Tulsa, OK,KMHD35LH4HU348827,Hyundai,Elantra,2017
10990,60000,44760,Dallas, TX,KMHDH6AH7EU027435,Hyundai,Elantra,2014
13888,30000,1920,Long Island City, NY,KMHD35LH3HU376859,Hyundai,Elantra,2017
12800,60000,23148,Phoenix, AZ,KMHDH6AH1EU024272,Hyundai,Elantra,2014
12997,40000,13959,Wentzville, MO,KMHD35LH8GU333990,Hyundai,Elantra,2016
11450,60000,39516,Nashville, TN,KMHDH6AH5EU029040,Hyundai,Elantra,2014
12444,60000,19691,San Antonio, TX,KMHD35LH9EU201513,Hyundai,Elantra,2014
13799,40000,4600,Staten Island, NY,KMHD35LH0GU326127,Hyundai,Elantra,2016
13311,50000,21542,Boise, ID,KMHD35LH5FU236924,Hyundai,Elantra,2015
11425,70000,43034,Peoria, AZ,KMHDH6AEXDU020564,Hyundai,Elantra,2013
10999,70000,47158,Brandon, FL,KMHDH6AE8DU008106,Hyundai,Elantra,2013
14005,30000,13015,Logan, UT,KMHD35LH8HU352301,Hyundai,Elantra,2017
11443,60000,27283,Orem, UT,KMHD35LHXEU225397,Hyundai,Elantra,2014
9395,100000,89655,Winston Salem, NC,KMHDB8AE8AU064605,Hyundai,Elantra,2010
13688,30000,5893,Hollywood, FL,KMHD35LH9HU372248,Hyundai,Elantra,2017
13750,40000,6375,Bristol, TN,KMHD35LH4GU332111,Hyundai,Elantra,2016
12981,60000,32125,Paramus, NJ,KMHDH6AH2EU024409,Hyundai,Elantra,2014
10987,70000,30968,Chantilly, VA,KMHD35LEXDU118371,Hyundai,Elantra,2013
9588,70000,64753,Yorkville, NY,KMHDH6AE9DU012584,Hyundai,Elantra,2013
13868,40000,5266,Johnston, RI,KMHD35LH1GU329697,Hyundai,Elantra,2016
11497,60000,57143,Flemming, GA,KMHDH6AH3EU023902,Hyundai,Elantra,2014
11750,40000,24210,South Portland, ME,KMHD35LH1GU291601,Hyundai,Elantra,2016
10888,70000,49478,Santa Clara, CA,KMHDH6AE7DU015774,Hyundai,Elantra,2013
13997,40000,7943,Little Rock, AR,KMHD35LH6GU302642,Hyundai,Elantra,2016
11046,70000,46848,Shrewsbury, NJ,KMHDH6AE4DU019121,Hyundai,Elantra,2013
13995,60000,34480,Dover, DE,KMHDH6AH4EU028851,Hyundai,Elantra,2014
9799,70000,52651,Houston, TX,KMHDH6AEXDU022718,Hyundai,Elantra,2013
8994,70000,66785,Punta Gorda, FL,KMHDH6AE9DU009118,Hyundai,Elantra,2013
12490,40000,28319,Duluth, GA,KMHD35LH8GU300441,Hyundai,Elantra,2016
10984,70000,49152,Canandaigua, NY,KMHDH6AE2DU003175,Hyundai,Elantra,2013
9999,30000,51820,Derby, CT,KMHD35LHXHU348427,Hyundai,Elantra,2017
10895,90000,81810,Tulsa, OK,KMHDC8AE1BU105333,Hyundai,Elantra,2011
5999,90000,140840,Grants Pass, OR,KMHDC8AE4BU090780,Hyundai,Elantra,2011
10500,40000,54306,Buford, GA,KMHD35LH9GU256630,Hyundai,Elantra,2016
13633,60000,29525,Philadelphia, PA,KMHDH6AH8EU027928,Hyundai,Elantra,2014
12995,40000,17406,Sodus, NY,KMHD35LH5GU299751,Hyundai,Elantra,2016
13894,40000,6702,Bentonville, AR,KMHD35LH2GU342488,Hyundai,Elantra,2016
8500,70000,70107,MONTCLAIR, CA,KMHDH6AE6DU010842,Hyundai,Elantra,2013
14590,30000,14840,Richmond, Va,KMHD35LH5HU354345,Hyundai,Elantra,2017
10599,70000,30893,Austin, TX,KMHD35LE9DU082060,Hyundai,Elantra,2013
14496,60000,20536,Harrisburg, PA,KMHDH6AH3EU025794,Hyundai,Elantra,2014
14276,40000,4195,West Valley, UT,KMHD35LH9GU341824,Hyundai,Elantra,2016
13788,40000,18935,North Charleston, SC,KMHD35LH5GU280388,Hyundai,Elantra,2016
10999,60000,15376,Miami, FL,KMHD35LH1EU218161,Hyundai,Elantra,2014
5494,100000,139644,Fairfield, OH,KMHDC8AE0AU052493,Hyundai,Elantra,2010
13547,30000,30212,Woburn, MA,KMHD35LH2HU357347,Hyundai,Elantra,2017
13547,30000,30253,Houston, TX,KMHD35LH6HU350238,Hyundai,Elantra,2017
13547,30000,30271,Grand Rapids, MI,KMHD35LH7HU351415,Hyundai,Elantra,2017
13547,30000,30285,North Little Rock, AR,KMHD35LH0HU350378,Hyundai,Elantra,2017
13547,30000,30311,Hazelwood, MO,KMHD35LH9HU349150,Hyundai,Elantra,2017
13547,30000,30361,Redmond, OR,KMHD35LH0HU350073,Hyundai,Elantra,2017
10995,60000,61742,Reno, NV,KMHDH6AH7EU023921,Hyundai,Elantra,2014
13547,30000,30406,Santa Clara, CA,KMHD35LH0HU348890,Hyundai,Elantra,2017
9700,70000,68006,Rockland, MA,KMHDH6AE2DU004875,Hyundai,Elantra,2013
13799,60000,27179,Tracy, CA,KMHDH6AHXEU029549,Hyundai,Elantra,2014
13547,30000,30727,Lawrenceville, GA,KMHD35LHXHU352624,Hyundai,Elantra,2017
13599,40000,23349,Sandy, UT,KMHD35LH7GU263379,Hyundai,Elantra,2016
12232,40000,18518,Miami, FL,KMHD35LH7GU318851,Hyundai,Elantra,2016
13662,60000,27764,Gresham, OR,KMHDH6AH3EU027920,Hyundai,Elantra,2014
9999,50000,36870,Hialeah, FL,KMHD35LH4FU239619,Hyundai,Elantra,2015
12400,60000,22608,Newport News, VA,KMHD35LH6EU202893,Hyundai,Elantra,2014
10000,70000,74547,Daphne, AL,KMHDH6AE4DU007339,Hyundai,Elantra,2013
13547,30000,31210,Victorville, CA,KMHD35LH7HU350362,Hyundai,Elantra,2017
14047,30000,25201,Lawrenceville, GA,KMHD35LH8HU352587,Hyundai,Elantra,2017
10999,40000,33753,Montclair, CA,KMHD35LH4GU339317,Hyundai,Elantra,2016
13490,60000,33427,Philadelphia, PA,KMHDH6AHXEU028868,Hyundai,Elantra,2014
11493,40000,27876,Akron, OH,KMHD35LH5GU304608,Hyundai,Elantra,2016
14047,30000,25429,Livermore, CA,KMHD35LH0HU348937,Hyundai,Elantra,2017
10500,70000,50196,Southfield, MI,KMHDH6AE6DU005835,Hyundai,Elantra,2013
12000,40000,42806,Santa Rosa, CA,KMHD35LH3GU252346,Hyundai,Elantra,2016
10985,100000,84848,Millville, NJ,KMHDC8AE3AU070129,Hyundai,Elantra,2010
14047,30000,25811,Charlotte, NC,KMHD35LH1HU352172,Hyundai,Elantra,2017
13569,40000,9725,Matteson, IL,KMHD35LH6GU335673,Hyundai,Elantra,2016
13841,40000,10037,Waco, TX,KMHD35LH5GU283680,Hyundai,Elantra,2016
13547,30000,32009,Victorville, CA,KMHD35LH0HU349005,Hyundai,Elantra,2017
14047,30000,26031,Woburn, MA,KMHD35LH9HU357426,Hyundai,Elantra,2017
10964,60000,17730,Raleigh, NC,KMHD35LH7EU159696,Hyundai,Elantra,2014
11500,40000,28493,Fort Walton Beach, FL,KMHD35LH4GU304924,Hyundai,Elantra,2016
14047,30000,26124,Redmond, OR,KMHD35LH0HU349019,Hyundai,Elantra,2017
14047,30000,26179,Redmond, OR,KMHD35LH9HU350492,Hyundai,Elantra,2017
13147,30000,37024,Tampa, FL,KMHD35LH0HU349148,Hyundai,Elantra,2017
14047,30000,26241,Tucson, AZ,KMHD35LH2HU357493,Hyundai,Elantra,2017
14047,30000,26300,Jersey City, NJ,KMHD35LH1HU357565,Hyundai,Elantra,2017
14047,30000,26309,Vero Beach, FL,KMHD35LH6HU357173,Hyundai,Elantra,2017
13147,30000,37157,Sandy, UT,KMHD35LH8HU348927,Hyundai,Elantra,2017
13147,30000,37238,Victorville, CA,KMHD35LH6HU348960,Hyundai,Elantra,2017
14047,30000,26416,Fort Lauderdale, FL,KMHD35LH9HU349035,Hyundai,Elantra,2017
6995,100000,136068,Reno, NV,KMHDB8AE3AU061532,Hyundai,Elantra,2010
14047,30000,26448,Roselle, IL,KMHD35LH5HU351364,Hyundai,Elantra,2017
14047,30000,26482,Lawrenceville, GA,KMHD35LH2HU352049,Hyundai,Elantra,2017
11380,60000,54431,Stanhope, NJ,KMHDH6AH7EU024938,Hyundai,Elantra,2014
14047,30000,26502,Livermore, CA,KMHD35LH6HU350112,Hyundai,Elantra,2017
13547,30000,32538,Livermore, CA,KMHD35LH4HU350187,Hyundai,Elantra,2017
13147,30000,37412,Akron, OH,KMHD35LH8HU349107,Hyundai,Elantra,2017
14047,30000,26652,Victorville, CA,KMHD35LH8HU351424,Hyundai,Elantra,2017
14047,30000,26675,Overland Park, KS,KMHD35LH6HU356802,Hyundai,Elantra,2017
14111,40000,9956,Dartmouth, MA,KMHD35LH2GU322984,Hyundai,Elantra,2016
9495,70000,65335,El Paso, TX,KMHDH6AEXDU003926,Hyundai,Elantra,2013
14047,30000,26729,Manchester, CT,KMHD35LH3HU357552,Hyundai,Elantra,2017
14047,30000,26791,Lakewood, WA,KMHD35LH6HU351342,Hyundai,Elantra,2017
13147,30000,37670,Tucson, AZ,KMHD35LH0HU348906,Hyundai,Elantra,2017
13547,30000,32873,Victorville, CA,KMHD35LH4HU348892,Hyundai,Elantra,2017
13547,30000,32921,Victorville, CA,KMHD35LH5HU349002,Hyundai,Elantra,2017
14047,30000,27084,Waldorf, MD,KMHD35LH7HU350247,Hyundai,Elantra,2017
14047,30000,27128,Victorville, CA,KMHD35LH6HU350305,Hyundai,Elantra,2017
13547,30000,33157,Sarasota, FL,KMHD35LH6HU350059,Hyundai,Elantra,2017
12499,40000,17547,East Haven, CT,KMHD35LH2GU324668,Hyundai,Elantra,2016
10450,60000,31158,Lake Park, FL,KMHD35LH3EU179346,Hyundai,Elantra,2014
13547,30000,33208,Jersey City, NJ,KMHD35LHXHU357385,Hyundai,Elantra,2017
13147,30000,38037,Overland Park, KS,KMHD35LH6HU348957,Hyundai,Elantra,2017
13547,30000,33221,Hazelwood, MO,KMHD35LH3HU348981,Hyundai,Elantra,2017
13547,30000,33233,Fairfield, CA,KMHD35LH7HU350068,Hyundai,Elantra,2017
13601,70000,22324,Redlands, CA,KMHDH6AE2DU011664,Hyundai,Elantra,2013
13547,30000,33389,Escondido, CA,KMHD35LH8HU348958,Hyundai,Elantra,2017
10999,70000,61206,South Jordan, UT,KMHDH6AE2DU001605,Hyundai,Elantra,2013
11900,40000,32175,Dundalk, MD,KMHD35LH2GU307918,Hyundai,Elantra,2016
7997,70000,80105,Raleigh, NC,KMHDH6AE5DU011920,Hyundai,Elantra,2013
7798,70000,82515,Raleigh, NC,KMHDH6AE0DU002932,Hyundai,Elantra,2013
12250,60000,15837,Columbia, MO,KMHD35LH5EU191773,Hyundai,Elantra,2014
14047,30000,27509,Saint Paul, MN,KMHD35LH3HU349046,Hyundai,Elantra,2017
13547,30000,33582,Victorville, CA,KMHD35LH6HU348926,Hyundai,Elantra,2017
11998,40000,32799,Slidell, LA,KMHD35LH9GU320018,Hyundai,Elantra,2016
13547,30000,33615,Tucson, AZ,KMHD35LH2HU348938,Hyundai,Elantra,2017
13547,30000,33702,Roselle, IL,KMHD35LHXHU349979,Hyundai,Elantra,2017
14047,30000,27723,West Chester, OH,KMHD35LH0HU352440,Hyundai,Elantra,2017
10995,60000,52887,Orlando, FL,KMHDH6AH4EU029580,Hyundai,Elantra,2014
13547,30000,33786,Houston, TX,KMHD35LH8HU348992,Hyundai,Elantra,2017
13147,30000,38626,Livermore, CA,KMHD35LH8HU350113,Hyundai,Elantra,2017
14900,40000,11006,Georgetown, TX,KMHD35LH2GU270594,Hyundai,Elantra,2016
13591,30000,13709,Clearwater, FL,KMHD35LH2H4347093,Hyundai,Elantra,2017
10975,70000,48878,Seattle, WA,KMHDH6AE8DU019929,Hyundai,Elantra,2013
13547,30000,33908,Victorville, CA,KMHD35LH5HU350196,Hyundai,Elantra,2017
12486,40000,30199,St. Louis, MO,KMHD35LH1GU308283,Hyundai,Elantra,2016
13147,30000,38831,Roselle, IL,KMHD35LH3HU349161,Hyundai,Elantra,2017
11999,40000,31886,Denton, TX,KMHD35LH4GU253246,Hyundai,Elantra,2016
13547,30000,34024,Livermore, CA,KMHD35LH5HU350134,Hyundai,Elantra,2017
14047,30000,28134,Sandy, UT,KMHD35LH3HU350486,Hyundai,Elantra,2017
14047,30000,28166,Fairfield, CA,KMHD35LH7HU350071,Hyundai,Elantra,2017
12995,40000,12593,North Lauderdale, FL,KMHD35LHXGU325308,Hyundai,Elantra,2016
13547,30000,34219,Omaha, NE,KMHD35LH5HU352739,Hyundai,Elantra,2017
14047,30000,28227,Victorville, CA,KMHD35LH4HU348777,Hyundai,Elantra,2017
14047,30000,28230,Lawrenceville, GA,KMHD35LHXHU350257,Hyundai,Elantra,2017
14299,30000,5590,West Park, FL,KMHD35LH7HU366982,Hyundai,Elantra,2017
13547,30000,34342,Greenwood, IN,KMHD35LH5HU349050,Hyundai,Elantra,2017
14747,30000,20010,Houston, TX,KMHD35LH0HU352468,Hyundai,Elantra,2017
13147,30000,39335,Manchester, CT,KMHD35LH8HU357014,Hyundai,Elantra,2017
10599,50000,33186,Chicago, IL,KMHD35LH3FU242270,Hyundai,Elantra,2015
13147,30000,39349,Victorville, CA,KMHD35LH9HU351710,Hyundai,Elantra,2017
13547,30000,34609,San Mateo, CA,KMHD35LH2HU348924,Hyundai,Elantra,2017
14747,30000,20201,Miami, FL,KMHD35LH8HU350290,Hyundai,Elantra,2017
14492,40000,7815,Homosassa, FL,KMHD35LH2GU337792,Hyundai,Elantra,2016
13547,30000,34709,Victorville, CA,KMHD35LH3HU350150,Hyundai,Elantra,2017
14047,30000,28697,Roselle, IL,KMHD35LH6HU357271,Hyundai,Elantra,2017
14747,30000,20335,Fairfield, CA,KMHD35LH3HU365800,Hyundai,Elantra,2017
13147,30000,39605,Victorville, CA,KMHD35LH8HU350192,Hyundai,Elantra,2017
14047,30000,28810,Tucson, AZ,KMHD35LH0HU348999,Hyundai,Elantra,2017
10991,40000,54546,Conway, AR,KMHD35LH9GU299445,Hyundai,Elantra,2016
14747,30000,20480,Fort Lauderdale, FL,KMHD35LHXHU352946,Hyundai,Elantra,2017
13900,30000,11078,Pinellas Park, FL,KMHD35LHXHU372145,Hyundai,Elantra,2017
13147,30000,39825,Miami, FL,KMHD35LH5HU348979,Hyundai,Elantra,2017
14747,30000,20563,Colorado Springs, CO,KMHD35LH3HU364825,Hyundai,Elantra,2017
13147,30000,39877,Redmond, OR,KMHD35LH4HU348925,Hyundai,Elantra,2017
14747,30000,20628,Tampa, FL,KMHD35LH6HU352071,Hyundai,Elantra,2017
14047,30000,29129,New York, NY,KMHD35LH1HU350311,Hyundai,Elantra,2017
14047,30000,29144,Fairfield, CA,KMHD35LH4HU348990,Hyundai,Elantra,2017
14747,30000,20724,Santa Clara, CA,KMHD35LH6HU365967,Hyundai,Elantra,2017
13547,30000,35187,San Mateo, CA,KMHD35LH9HU351688,Hyundai,Elantra,2017
11400,60000,33602,Norwood, MA,KMHD35LH4EU209325,Hyundai,Elantra,2014
12276,40000,32080,Madison, CT,KMHD35LH6GU281212,Hyundai,Elantra,2016
14747,30000,20871,Tampa, FL,KMHD35LH0HU356987,Hyundai,Elantra,2017
13988,40000,5488,Valencia, CA,KMHD35LH2GU323861,Hyundai,Elantra,2016
10990,70000,55825,Boardman, OH,KMHDH6AE8DU012303,Hyundai,Elantra,2013
14747,30000,20974,Vero Beach, FL,KMHD35LH6HU357318,Hyundai,Elantra,2017
14747,30000,21054,Nashville, TN,KMHD35LH8HU357255,Hyundai,Elantra,2017
14047,30000,29488,Jersey City, NJ,KMHD35LHXHU357242,Hyundai,Elantra,2017
8995,60000,44900,Naugatuck, CT,KMHD35LH8EU203589,Hyundai,Elantra,2014
14047,30000,29511,Sandy, UT,KMHD35LH1HU349109,Hyundai,Elantra,2017
14629,30000,6675,Highland Park, IL,KMHD35LH4HU377325,Hyundai,Elantra,2017
11892,60000,23014,New Port Richey, FL,KMHD35LH3EU228982,Hyundai,Elantra,2014
14047,30000,29579,San Mateo, CA,KMHD35LH4HU349041,Hyundai,Elantra,2017
13547,30000,35615,Tucson, AZ,KMHD35LH9HU348919,Hyundai,Elantra,2017
14047,30000,29622,Livermore, CA,KMHD35LH2HU348969,Hyundai,Elantra,2017
14047,30000,29662,West Palm Beach, FL,KMHD35LH5HU350232,Hyundai,Elantra,2017
14047,30000,29746,Victorville, CA,KMHD35LH2HU348972,Hyundai,Elantra,2017
13547,30000,35768,Colorado Springs, CO,KMHD35LH4HU350383,Hyundai,Elantra,2017
14747,30000,21319,Vero Beach, FL,KMHD35LH9HU350315,Hyundai,Elantra,2017
8386,70000,77798,Jacksonville, FL,KMHDH6AE3DU018400,Hyundai,Elantra,2013
14047,30000,29828,Fairfield, CA,KMHD35LH1HU350194,Hyundai,Elantra,2017
14047,30000,29959,Santa Clara, CA,KMHD35LH9HU349066,Hyundai,Elantra,2017
14800,30000,4563,Elmhurst, IL,KMHD35LH2HU377453,Hyundai,Elantra,2017
9995,60000,77040,Norman, OK,KMHDH6AH9EU028991,Hyundai,Elantra,2014
14747,30000,21619,Fort Lauderdale, FL,KMHD35LHXHU352574,Hyundai,Elantra,2017
15895,40000,8366,Fayetteville, AR,KMHD35LH2GU339493,Hyundai,Elantra,2016
13100,40000,24699,Rockland, MA,KMHD35LH9GU299381,Hyundai,Elantra,2016
14747,30000,21653,Tampa, FL,KMHD35LH3HU357258,Hyundai,Elantra,2017
14747,30000,21670,New Castle, DE,KMHD35LH8HU357112,Hyundai,Elantra,2017
9900,70000,69782,Hudson, NH,KMHDH6AE9DU012004,Hyundai,Elantra,2013
14747,30000,21680,Milwaukee, WI,KMHD35LH7HU356937,Hyundai,Elantra,2017
11790,40000,38893,Parma, OH,KMHD35LH8GU309933,Hyundai,Elantra,2016
14990,30000,14349,Duluth, GA,KMHD35LH3HU377056,Hyundai,Elantra,2017
14747,30000,21765,Miami, FL,KMHD35LH0HU352163,Hyundai,Elantra,2017
13700,60000,21020,Wayne, NJ,KMHDH6AH2EU024782,Hyundai,Elantra,2014
14747,30000,21794,Sarasota, FL,KMHD35LH1HU352155,Hyundai,Elantra,2017
14747,30000,21796,Vero Beach, FL,KMHD35LH3HU357583,Hyundai,Elantra,2017
9000,70000,74540,Louisville, KY,KMHDH6AEXDU008639,Hyundai,Elantra,2013
14747,30000,21960,New Castle, DE,KMHD35LH5HU357309,Hyundai,Elantra,2017
14747,30000,22032,Vero Beach, FL,KMHD35LH6HU357304,Hyundai,Elantra,2017
14747,30000,22142,Columbus, OH,KMHD35LH3HU350312,Hyundai,Elantra,2017
14747,30000,22164,New Castle, DE,KMHD35LH2HU356991,Hyundai,Elantra,2017
15800,40000,15,Bloomington, IN,KMHD35LH9GU333156,Hyundai,Elantra,2016
15800,40000,15,Bloomington, IN,KMHD35LHXGU335076,Hyundai,Elantra,2016
15800,40000,15,Bloomington, IN,KMHD35LH7GU334080,Hyundai,Elantra,2016
15347,30000,15112,Victorville, CA,KMHD35LHXHU364448,Hyundai,Elantra,2017
14747,30000,22360,Fairfield, CA,KMHD35LH0HU350185,Hyundai,Elantra,2017
13547,30000,36847,Livermore, CA,KMHD35LH9HU348922,Hyundai,Elantra,2017
12795,60000,34306,Maple Heights, OH,KMHDH6AH1EU025602,Hyundai,Elantra,2014
14747,30000,22412,Pensacola, FL,KMHD35LH8HU350211,Hyundai,Elantra,2017
14747,30000,22433,Miami, FL,KMHD35LH2HU357431,Hyundai,Elantra,2017
14747,30000,22495,Vero Beach, FL,KMHD35LH5HU357469,Hyundai,Elantra,2017
15347,30000,15299,New York, NY,KMHD35LH9HU376509,Hyundai,Elantra,2017
11695,60000,47694,Stone Mountain, GA,KMHDH6AH1EU029245,Hyundai,Elantra,2014
15347,30000,15467,Woburn, MA,KMHD35LH5HU376636,Hyundai,Elantra,2017
14747,30000,22758,North Little Rock, AR,KMHD35LH9HU357345,Hyundai,Elantra,2017
14747,30000,22763,Sarasota, FL,KMHD35LH6HU352149,Hyundai,Elantra,2017
13750,60000,36177,Philadelphia, PA,KMHDH6AH4EU024735,Hyundai,Elantra,2014
15347,30000,15566,Tucson, AZ,KMHD35LH5HU364907,Hyundai,Elantra,2017
14990,30000,15459,Duluth, GA,KMHD35LH4HU376207,Hyundai,Elantra,2017
14747,30000,22880,Victorville, CA,KMHD35LH6HU348943,Hyundai,Elantra,2017
14747,30000,22882,Tampa, FL,KMHD35LHXHU356933,Hyundai,Elantra,2017
11989,60000,63911,Indian Trail, NC,KMHDH6AHXEU026540,Hyundai,Elantra,2014
15347,30000,15677,Colorado Springs, CO,KMHD35LHXHU364854,Hyundai,Elantra,2017
14747,30000,22920,Jersey City, NJ,KMHD35LH2HU357574,Hyundai,Elantra,2017
10395,100000,87845,Arlington, TX,KMHDB8AE9AU066833,Hyundai,Elantra,2010
15347,30000,15749,Lakewood, WA,KMHD35LH4HU364509,Hyundai,Elantra,2017
13433,60000,34007,Statesville, NC,KMHDH6AH1EU027429,Hyundai,Elantra,2014
14747,30000,23135,Lawrenceville, GA,KMHD35LH7HU357487,Hyundai,Elantra,2017
14747,30000,23139,Fairfield, CA,KMHD35LH5HU364440,Hyundai,Elantra,2017
15347,30000,15918,Virginia Beach, VA,KMHD35LH2HU376657,Hyundai,Elantra,2017
14747,30000,23189,Miami, FL,KMHD35LH1HU357291,Hyundai,Elantra,2017
14747,30000,23210,Vero Beach, FL,KMHD35LH3HU350360,Hyundai,Elantra,2017
14747,30000,23215,Fairfield, CA,KMHD35LH6HU350126,Hyundai,Elantra,2017
15347,30000,15994,New Castle, DE,KMHD35LH3HU376554,Hyundai,Elantra,2017
12290,40000,32868,Haines CIty, FL,KMHD35LH6GU275751,Hyundai,Elantra,2016
14747,30000,23397,Vero Beach, FL,KMHD35LHXHU350291,Hyundai,Elantra,2017
14747,30000,23400,Tampa, FL,KMHD35LH6HU357352,Hyundai,Elantra,2017
14747,30000,23474,New Castle, DE,KMHD35LH4HU352456,Hyundai,Elantra,2017
10999,70000,48415,Spokane, WA,KMHDH6AE3DU007543,Hyundai,Elantra,2013
15347,30000,16262,Livermore, CA,KMHD35LH1HU364788,Hyundai,Elantra,2017
14747,30000,23509,Fort Lauderdale, FL,KMHD35LH7HU352600,Hyundai,Elantra,2017
10995,40000,40453,Marietta, GA,KMHD35LH0GU270366,Hyundai,Elantra,2016
14900,30000,5305,Elmhurst, IL,KMHD35LH1HU377265,Hyundai,Elantra,2017
14747,30000,23522,San Mateo, CA,KMHD35LH1HU348901,Hyundai,Elantra,2017
13900,60000,34211,Hickory, NC,KMHDH6AH7EU025975,Hyundai,Elantra,2014
14500,60000,42895,Centennial, CO,KMHDH6AH3EU026900,Hyundai,Elantra,2014
14991,40000,10,Scottsdale, AZ,KMHD35LH2GU340711,Hyundai,Elantra,2016
15347,30000,16417,Tucson, AZ,KMHD35LH5HU364714,Hyundai,Elantra,2017
15347,30000,16475,Tucson, AZ,KMHD35LH0HU364877,Hyundai,Elantra,2017
14747,30000,23714,Metairie, LA,KMHD35LH7HU356968,Hyundai,Elantra,2017
14747,30000,23725,Tampa, FL,KMHD35LH6HU357366,Hyundai,Elantra,2017
14747,30000,23732,Tampa, FL,KMHD35LH7HU352130,Hyundai,Elantra,2017
10995,70000,48790,Omaha, NE,KMHDH6AE2DU007078,Hyundai,Elantra,2013
14747,30000,23819,Lawrenceville, GA,KMHD35LH9HU357250,Hyundai,Elantra,2017
15347,30000,16606,West Chester, OH,KMHD35LH6HU376998,Hyundai,Elantra,2017
14747,30000,23866,Fort Lauderdale, FL,KMHD35LH3HU357390,Hyundai,Elantra,2017
15347,30000,16695,Jacksonville, FL,KMHD35LH6HU350353,Hyundai,Elantra,2017
15347,30000,16708,Manchester, CT,KMHD35LH8HU376601,Hyundai,Elantra,2017
12800,40000,28968,Nicholasville, KY,KMHD35LHXGU277518,Hyundai,Elantra,2016
12987,40000,32567,Tacoma, WA,KMHD35LH2GU287671,Hyundai,Elantra,2016
14747,30000,24041,New York, NY,KMHD35LH7HU352080,Hyundai,Elantra,2017
15347,30000,16843,New York, NY,KMHD35LH2HU376612,Hyundai,Elantra,2017
14896,30000,6422,Highland Park, IL,KMHD35LH5HU377267,Hyundai,Elantra,2017
13410,40000,25523,New Braunfels, TX,KMHD35LH1GU324483,Hyundai,Elantra,2016
15347,30000,16956,Sandy, UT,KMHD35LH4HU365028,Hyundai,Elantra,2017
13990,60000,21695,Wilmington, NC,KMHDH6AH0EU024215,Hyundai,Elantra,2014
15347,30000,16968,San Mateo, CA,KMHD35LH8HU364500,Hyundai,Elantra,2017
15347,30000,17062,Victorville, CA,KMHD35LH4HU364798,Hyundai,Elantra,2017
15347,30000,17076,Livermore, CA,KMHD35LH6HU365189,Hyundai,Elantra,2017
10990,70000,31647,Huntington Beach, CA,KMHD35LE2DU089819,Hyundai,Elantra,2013
15347,30000,17201,Charlottesville, VA,KMHD35LH3HU350357,Hyundai,Elantra,2017
15347,30000,17244,New York, NY,KMHD35LH8HU376663,Hyundai,Elantra,2017
15347,30000,17264,Victorville, CA,KMHD35LH7HU364407,Hyundai,Elantra,2017
15347,30000,17285,San Mateo, CA,KMHD35LH1HU364712,Hyundai,Elantra,2017
15300,30000,10316,Hickory, NC,KMHD35LH5HU377317,Hyundai,Elantra,2017
14747,30000,24554,Toledo, OH,KMHD35LHXHU357614,Hyundai,Elantra,2017
14476,40000,14202,Portland, OR,KMHD35LH0GU299074,Hyundai,Elantra,2016
13969,30000,16372,Grapevine, TX,KMHD35LH6HU363720,Hyundai,Elantra,2017
12078,70000,41422,Little Rock, AR,KMHDH6AE8DU009451,Hyundai,Elantra,2013
14795,40000,8741,Chesapeake, VA,KMHD35LHXGU321081,Hyundai,Elantra,2016
14747,30000,24732,Columbus, OH,KMHD35LH9HU352002,Hyundai,Elantra,2017
15347,30000,17531,Fort Lauderdale, FL,KMHD35LH3HU357597,Hyundai,Elantra,2017
14747,30000,24796,Waldorf, MD,KMHD35LH8HU352069,Hyundai,Elantra,2017
11995,40000,29692,Bethlehem, PA,KMHD35LH3GU300475,Hyundai,Elantra,2016
10766,60000,37135,Groton, CT,KMHD35LH0EU231287,Hyundai,Elantra,2014
14747,30000,24821,Vero Beach, FL,KMHD35LH5HU357388,Hyundai,Elantra,2017
15347,30000,17796,Tampa, FL,KMHD35LH3HU357406,Hyundai,Elantra,2017
15347,30000,17801,Knightdale, NC,KMHD35LHXHU376602,Hyundai,Elantra,2017
9510,70000,50706,LaGrange, GA,KMHD35LEXDU026421,Hyundai,Elantra,2013
14873,40000,10778,Dover, DE,KMHD35LH7GU306456,Hyundai,Elantra,2016
15347,30000,17914,Fort Worth, TX,KMHD35LH1HU364404,Hyundai,Elantra,2017
12995,60000,15828,Winter Park, FL,KMHD35LH5EU209365,Hyundai,Elantra,2014
15347,30000,17958,Fort Lauderdale, FL,KMHD35LH3HU357325,Hyundai,Elantra,2017
15347,30000,18063,Vero Beach, FL,KMHD35LH0HU352566,Hyundai,Elantra,2017
11490,40000,39819,Broken Arrow, OK,KMHD35LH0GU269881,Hyundai,Elantra,2016
14999,30000,2726,Tempe, AZ,KMHD35LH8HU370166,Hyundai,Elantra,2017
14900,30000,13787,Norwich, CT,KMHD35LH5HU376247,Hyundai,Elantra,2017
13995,40000,18068,Houston, TX,KMHD35LH0GU303060,Hyundai,Elantra,2016
13554,40000,19904,East Brunswick, NJ,KMHD35LH0GU323793,Hyundai,Elantra,2016
9980,40000,54687,Pacoima, CA,KMHD35LHXGU321324,Hyundai,Elantra,2016
15347,30000,18345,Vero Beach, FL,KMHD35LH8HU356980,Hyundai,Elantra,2017
12500,40000,35405,Tampa, FL,KMHD35LH3GU255912,Hyundai,Elantra,2016
13666,60000,29927,MONMOUTH JUNCTION, NJ,KMHDH6AH7EU024471,Hyundai,Elantra,2014
8499,70000,80725,Mesa, AZ,KMHDH6AE4DU004425,Hyundai,Elantra,2013
15347,30000,18476,Lawrenceville, GA,KMHD35LH4HU377003,Hyundai,Elantra,2017
7995,60000,61632,Apollo Beach, FL,KMHD35LH6EU170754,Hyundai,Elantra,2014
14990,30000,3281,Wilmington, NC,KMHD35LH7HU358865,Hyundai,Elantra,2017
11000,40000,42736,Olive Branch, MS,KMHD35LH4GU252422,Hyundai,Elantra,2016
15347,30000,18648,San Mateo, CA,KMHD35LHXHU365910,Hyundai,Elantra,2017
15347,30000,18707,Lawrenceville, GA,KMHD35LH4HU376692,Hyundai,Elantra,2017
15347,30000,18901,Vero Beach, FL,KMHD35LH4HU357253,Hyundai,Elantra,2017
10990,40000,43156,Miami, FL,KMHD35LH1GU256573,Hyundai,Elantra,2016
10799,40000,46051,Schaumburg, IL,KMHD35LH1GU284275,Hyundai,Elantra,2016
12995,40000,19038,Charlotte, NC,KMHD35LH0GU313961,Hyundai,Elantra,2016
15347,30000,19005,Victorville, CA,KMHD35LH0HU365981,Hyundai,Elantra,2017
15347,30000,19018,Miami, FL,KMHD35LH9HU357314,Hyundai,Elantra,2017
15347,30000,19029,Escondido, CA,KMHD35LH4HU364395,Hyundai,Elantra,2017
15347,30000,19062,Toledo, OH,KMHD35LH0HU357539,Hyundai,Elantra,2017
11999,40000,36472,Tulsa, OK,KMHD35LH3GU291549,Hyundai,Elantra,2016
15347,30000,19080,Fort Lauderdale, FL,KMHD35LH8HU352511,Hyundai,Elantra,2017
12999,60000,35757,Feasterville, PA,KMHDH6AH5EU026395,Hyundai,Elantra,2014
15347,30000,19102,Victorville, CA,KMHD35LH6HU364446,Hyundai,Elantra,2017
15347,30000,19138,Woburn, MA,KMHD35LH2HU357266,Hyundai,Elantra,2017
13140,60000,43999,Lee's Summit, MO,KMHDH6AH2EU026967,Hyundai,Elantra,2014
12899,60000,47029,Tallahassee, FL,KMHDH6AH1EU024983,Hyundai,Elantra,2014
15347,30000,19335,Escondido, CA,KMHD35LH8HU364609,Hyundai,Elantra,2017
15347,30000,19381,Jacksonville, FL,KMHD35LHXHU357449,Hyundai,Elantra,2017
13249,40000,32364,Whitesboro, TX,KMHD35LH8GU270647,Hyundai,Elantra,2016
11999,60000,30854,Matthews, NC,KMHD35LH2EU234367,Hyundai,Elantra,2014
15347,30000,19588,Victorville, CA,KMHD35LH0HU364992,Hyundai,Elantra,2017
14693,60000,24300,Macon, GA,KMHDH6AH3EU029263,Hyundai,Elantra,2014
15347,30000,19625,Escondido, CA,KMHD35LH3HU350102,Hyundai,Elantra,2017
15347,30000,19714,Greenwood, IN,KMHD35LH6HU350272,Hyundai,Elantra,2017
15347,30000,19801,Jacksonville, FL,KMHD35LH3HU352447,Hyundai,Elantra,2017
14289,30000,12900,Dallas, TX,KMHD35LH1HU377394,Hyundai,Elantra,2017
12490,30000,47884,Roswell, GA,KMHD35LH2HU357428,Hyundai,Elantra,2017
10846,70000,62710,Hackettstown, NJ,KMHDH6AE3DU016369,Hyundai,Elantra,2013
14989,30000,13490,Downers Grove, IL,KMHD35LH7HU377447,Hyundai,Elantra,2017
12095,60000,47612,Owings Mills, MD,KMHDH6AH3EU025536,Hyundai,Elantra,2014
14999,40000,5821,Ogden, UT,KMHD35LH2GU297777,Hyundai,Elantra,2016
10995,70000,68736,Sea Girt, NJ,KMHDH6AE8DU014925,Hyundai,Elantra,2013
9998,70000,74167,Keene, NH,KMHDH6AE4DU004652,Hyundai,Elantra,2013
12230,70000,33565,Philadelphia, PA,KMHDH6AE6DU011389,Hyundai,Elantra,2013
12490,30000,48329,Roswell, GA,KMHD35LH3HU353257,Hyundai,Elantra,2017
11500,40000,38524,Covington, TN,KMHD35LH7GU253175,Hyundai,Elantra,2016
14285,30000,23465,Wichita Falls, TX,KMHD35LHXHU350100,Hyundai,Elantra,2017
11500,40000,38806,West Palm Beach, FL,KMHD35LH9GU255722,Hyundai,Elantra,2016
11994,50000,32677,Gainesville, FL,KMHD35LH1FU242168,Hyundai,Elantra,2015
13500,40000,14775,Lawrenceburg, KY,KMHD35LH3GU287341,Hyundai,Elantra,2016
14489,30000,27151,Alexandria, VA,KMHD35LH1HU372986,Hyundai,Elantra,2017
12485,60000,28683,Fayetteville, NC,KMHD35LH6EU230726,Hyundai,Elantra,2014
14991,40000,14459,Billings, MT,KMHD35LH7GU277010,Hyundai,Elantra,2016
12789,40000,23505,Modesto, CA,KMHD35LH5GU263378,Hyundai,Elantra,2016
12828,40000,40568,Anaheim, CA,KMHD35LH3GU304672,Hyundai,Elantra,2016
11995,40000,43030,Burlington, KS,KMHD35LH3GU252945,Hyundai,Elantra,2016
12685,40000,42369,Anaheim, CA,KMHD35LH4GU268457,Hyundai,Elantra,2016
12944,40000,31672,Northampton, MA,KMHD35LH8GU299355,Hyundai,Elantra,2016
13977,40000,24916,Round Rock, TX,KMHD35LH6GU287589,Hyundai,Elantra,2016
11721,30000,53123,Houston, TX,KMHD35LH2HU364301,Hyundai,Elantra,2017
14000,40000,19370,Nicholasville, KY,KMHD35LH9GU306104,Hyundai,Elantra,2016
13500,40000,25403,Denville, NJ,KMHD35LH6GU270243,Hyundai,Elantra,2016
14988,40000,7547,Los Angeles, CA,KMHD35LH6GU334605,Hyundai,Elantra,2016
11998,40000,41041,Ewing, NJ,KMHD35LH1GU282834,Hyundai,Elantra,2016
13750,60000,23644,Centennial, CO,KMHD35LH4EU198214,Hyundai,Elantra,2014
10690,60000,32624,South Easton, MA,KMHD35LH4EU195894,Hyundai,Elantra,2014
12577,50000,38548,Las Vegas, NV,KMHD35LH5FU248720,Hyundai,Elantra,2015
12700,60000,25452,Arlington, TX,KMHD35LH0EU200346,Hyundai,Elantra,2014
13500,40000,16405,Charlotte, NC,KMHD35LH8GU326862,Hyundai,Elantra,2016
8995,70000,44900,Manassas, VA,KMHD35LE9DU136358,Hyundai,Elantra,2013
15000,60000,6399,Louisville, KY,KMHD35LH6EU219452,Hyundai,Elantra,2014
9497,70000,40136,Freehold, NJ,KMHD35LE0DU108318,Hyundai,Elantra,2013
13000,30000,32430,Athens, OH,KMHD35LH1HU351846,Hyundai,Elantra,2017
11947,70000,26725,Surprise, AZ,KMHD35LE7DU108722,Hyundai,Elantra,2013
12499,70000,50359,Englewood, CO,KMHDH6AE7DU010378,Hyundai,Elantra,2013
12405,50000,21509,Nashville, TN,KMHD35LH5FU250435,Hyundai,Elantra,2015
8990,70000,45506,Canton, MA,KMHD35LE9DU082415,Hyundai,Elantra,2013
10777,60000,42446,Norwich, CT,KMHD35LH8EU172294,Hyundai,Elantra,2014
13998,40000,20987,San Antonio, TX,KMHD35LHXGU319685,Hyundai,Elantra,2016
12798,40000,43205,Anaheim, CA,KMHD35LH1GU264334,Hyundai,Elantra,2016
14139,40000,19540,Longview, TX,KMHD35LH9GU324618,Hyundai,Elantra,2016
11995,70000,16799,Bradenton, FL,KMHD35LEXDU130794,Hyundai,Elantra,2013
14942,30000,9442,Bonham, TX,KMHD35LH4HU377275,Hyundai,Elantra,2017
13592,40000,26199,Cocoa, FL,KMHD35LH9GU275727,Hyundai,Elantra,2016
13200,60000,14550,Chicago, IL,KMHD35LH3EU209316,Hyundai,Elantra,2014
14097,40000,10584,Pelham, AL,KMHD35LH4GU321433,Hyundai,Elantra,2016
12495,70000,17580,St. Augustine, FL,KMHD35LE6DU085384,Hyundai,Elantra,2013
13994,30000,36195,Alexandria, VA,KMHD35LHXHU372971,Hyundai,Elantra,2017
11989,40000,36078,Modesto, CA,KMHD35LH4GU300579,Hyundai,Elantra,2016
8499,70000,62161,West Springfield, MA,KMHD35LE7DU152932,Hyundai,Elantra,2013
14616,40000,20874,Auburn, WA,KMHD35LH7GU312385,Hyundai,Elantra,2016
10799,70000,24792,Bedford, OH,KMHD35LE8DU109068,Hyundai,Elantra,2013
11874,40000,37842,Raleigh, NC,KMHD35LH7GU291814,Hyundai,Elantra,2016
11388,60000,26518,Duluth, GA,KMHD35LHXEU229692,Hyundai,Elantra,2014
13999,40000,22213,Hagerstown, MD,KMHD35LHXGU274814,Hyundai,Elantra,2016
11795,40000,46376,Torrance, CA,KMHD35LH5GU255278,Hyundai,Elantra,2016
8990,60000,60367,Morrow, GA,KMHD35LH3EU185096,Hyundai,Elantra,2014
12882,40000,35717,Tucson, AZ,KMHD35LH3GU251875,Hyundai,Elantra,2016
11696,60000,40340,San Jose, CA,KMHD35LH5EU198416,Hyundai,Elantra,2014
15964,40000,2275,Wichita, KS,KMHD35LH6GU342414,Hyundai,Elantra,2016
10680,70000,52509,Killeen, TX,KMHD35LE1DU073241,Hyundai,Elantra,2013
8490,70000,102058,St. Peters, MO,KMHDH6AE5DU004076,Hyundai,Elantra,2013
13500,60000,30077,Centennial, CO,KMHD35LH6EU227972,Hyundai,Elantra,2014
10965,60000,45746,Fredericksburg, VA,KMHD35LH8EU170917,Hyundai,Elantra,2014
11995,70000,12045,Hialeah, FL,KMHD35LE6DU091010,Hyundai,Elantra,2013
11777,70000,48605,El Cajon, CA,KMHDH6AE0DU013493,Hyundai,Elantra,2013
14288,40000,19506,Hillsboro, OR,KMHD35LH5GU258598,Hyundai,Elantra,2016
12095,40000,44385,Torrance, CA,KMHD35LH4GU269091,Hyundai,Elantra,2016
12988,40000,33899,Denton, TX,KMHD35LH8GU305039,Hyundai,Elantra,2016
12800,70000,36793,Columbia, KY,KMHDH6AE8DU010180,Hyundai,Elantra,2013
10900,60000,35080,Homestead, FL,KMHD35LH1EU218435,Hyundai,Elantra,2014
13497,40000,21109,San Diego, CA,KMHD35LH3GU309399,Hyundai,Elantra,2016
15995,30000,17941,San Antonio, TX,KMHD35LH0HU349926,Hyundai,Elantra,2017
12786,40000,41695,Orlando, FL,KMHD35LH3GU291714,Hyundai,Elantra,2016
9985,70000,47116,Nashville, TN,KMHD35LE8DU149621,Hyundai,Elantra,2013
14300,40000,21425,New Haven, CT,KMHD35LH3GU313792,Hyundai,Elantra,2016
14742,30000,15646,Bonham, TX,KMHD35LH6HU377505,Hyundai,Elantra,2017
9993,70000,42484,Downers Grove, IL,KMHD35LE4DU117801,Hyundai,Elantra,2013
11395,70000,54902,Mesa, AZ,KMHDH6AE0DU010528,Hyundai,Elantra,2013
15946,30000,7372,North Aurora, IL,KMHD35LH7HU377514,Hyundai,Elantra,2017
11495,40000,46230,Miami, FL,KMHD35LH6GU253071,Hyundai,Elantra,2016
12999,60000,20778,Freehold, NJ,KMHD35LH8EU171551,Hyundai,Elantra,2014
8735,70000,72024,Holiday, FL,KMHD35LE5DU088034,Hyundai,Elantra,2013
13445,40000,25963,Burlington, NJ,KMHD35LH0GU268293,Hyundai,Elantra,2016
12000,60000,61976,Arlington, TX,KMHDH6AH1EU026202,Hyundai,Elantra,2014
13900,40000,17632,Wallingford, CT,KMHD35LH3GU287808,Hyundai,Elantra,2016
12988,40000,48122,Wichita Falls, TX,KMHD35LHXGU284548,Hyundai,Elantra,2016
12498,70000,29384,Marysville, WA,KMHD35LEXDU109573,Hyundai,Elantra,2013
10500,70000,53068,Crestview, FL,KMHD35LE9DU068112,Hyundai,Elantra,2013
7500,70000,103000,ESCONDIDO, CA,KMHDH6AE6DU020643,Hyundai,Elantra,2013
11988,60000,23822,Fredericksburg, VA,KMHD35LHXEU172166,Hyundai,Elantra,2014
12989,40000,28998,Modesto, CA,KMHD35LH1GU316108,Hyundai,Elantra,2016
12250,40000,37930,Louisville, KY,KMHD35LH6GU317674,Hyundai,Elantra,2016
14853,30000,41411,Chesapeake, VA,KMHD35LH1HU373023,Hyundai,Elantra,2017
15849,30000,13133,Enfield, CT,KMHD35LH4HU373078,Hyundai,Elantra,2017
10593,60000,56898,Midwest City, OK,KMHD35LH2EU220744,Hyundai,Elantra,2014
10750,70000,69303,Columbia, SC,KMHDH6AE7DU004418,Hyundai,Elantra,2013
14233,40000,22425,Vancouver, WA,KMHD35LH4GU265137,Hyundai,Elantra,2016
11995,40000,41786,Westampton, NJ,KMHD35LH6GU256553,Hyundai,Elantra,2016
12500,40000,35763,San Diego, CA,KMHD35LH1GU252099,Hyundai,Elantra,2016
12800,40000,40764,Cedar Falls, IA,KMHD35LH6GU255337,Hyundai,Elantra,2016
10988,60000,50092,Davie, FL,KMHD35LH9EU172983,Hyundai,Elantra,2014
12990,70000,16325,Portland, OR,KMHD35LE8DU051642,Hyundai,Elantra,2013
12677,40000,44090,Kingman, AZ,KMHD35LH7GU265326,Hyundai,Elantra,2016
13999,40000,18374,Norwalk, CA,KMHD35LH1GU251955,Hyundai,Elantra,2016
11649,60000,27769,Bala Cynwyd, PA,KMHD35LH2EU165888,Hyundai,Elantra,2014
6496,70000,125940,TREVOSE, PA,KMHDH6AE3DU014914,Hyundai,Elantra,2013
11990,40000,42803,Miami, FL,KMHD35LH4GU291818,Hyundai,Elantra,2016
11999,40000,42882,Merced, CA,KMHD35LH2GU269171,Hyundai,Elantra,2016
12391,40000,46079,Houston, TX,KMHD35LH7GU269392,Hyundai,Elantra,2016
14139,70000,37190,Gilbert, AZ,KMHDH6AE1DU019867,Hyundai,Elantra,2013
13821,60000,12583,Stamford, CT,KMHD35LHXEU211368,Hyundai,Elantra,2014
12000,70000,27579,New Haven, CT,KMHD35LE1DU087303,Hyundai,Elantra,2013
12880,90000,92183,Brooksville, FL,KMHDC8AE0BU105047,Hyundai,Elantra,2011
10995,60000,82264,Henderson, NC,KMHDH6AH9EU027808,Hyundai,Elantra,2014
11534,60000,41963,Hazelwood, MO,KMHD35LH1EU158107,Hyundai,Elantra,2014
11971,60000,36838,Parma, OH,KMHD35LH1EU187509,Hyundai,Elantra,2014
14135,60000,15588,St. Augustine, FL,KMHD35LH0EU209788,Hyundai,Elantra,2014
12980,60000,53877,WINTER HAVEN, FL,KMHDH6AH2EU025432,Hyundai,Elantra,2014
12100,60000,35677,San Juan Capistrano, CA,KMHD35LH0EU193866,Hyundai,Elantra,2014
13968,40000,48176,Daphne, AL,KMHD35LH3GU262567,Hyundai,Elantra,2016
13941,40000,48521,Daphne, AL,KMHD35LH4GU268877,Hyundai,Elantra,2016
12000,60000,37006,Bristol, TN,KMHD35LH7EU214387,Hyundai,Elantra,2014
13499,40000,42029,Alexandria, VA,KMHD35LH7GU291604,Hyundai,Elantra,2016
9999,70000,76598,New Port Richey, FL,KMHDH6AE1DU006438,Hyundai,Elantra,2013
11795,60000,35860,Toms River, NJ,KMHD35LH8EU195350,Hyundai,Elantra,2014
9488,70000,48488,Saint Cloud, FL,KMHD35LE4DU083732,Hyundai,Elantra,2013
14350,50000,25347,Waco, TX,KMHD35LH9FU235775,Hyundai,Elantra,2015
10900,70000,32169,Kissimmee, FL,KMHD35LE2DU083373,Hyundai,Elantra,2013
11977,60000,37671,Chicago, IL,KMHD35LH2EU233445,Hyundai,Elantra,2014
9999,70000,65641,Phoenix, AZ,KMHD35LE1DU109090,Hyundai,Elantra,2013
11998,60000,31829,Long Island  City, NY,KMHD35LH1EU209590,Hyundai,Elantra,2014
12716,40000,36259,Apex, NC,KMHD35LHXGU253204,Hyundai,Elantra,2016
12399,50000,40465,Henderson, NV,KMHD35LH0FU240525,Hyundai,Elantra,2015
14202,60000,14277,Leesburg, FL,KMHD35LH6EU184864,Hyundai,Elantra,2014
10995,60000,54743,Brooklyn Center, MN,KMHD35LH3EU219229,Hyundai,Elantra,2014
8995,70000,55456,Paterson, NJ,KMHD35LE5DU043997,Hyundai,Elantra,2013
10784,70000,48867,Winter Park, FL,KMHD35LE9DU078817,Hyundai,Elantra,2013
10888,60000,56701,Denton, TX,KMHD35LH7EU191886,Hyundai,Elantra,2014
13644,60000,19728,Columbus, IN,KMHD35LH8EU214107,Hyundai,Elantra,2014
13963,40000,30748,Woodbury Heights, NJ,KMHD35LH2GU270711,Hyundai,Elantra,2016
10995,70000,65593,Mission, TX,KMHDH6AEXDU000461,Hyundai,Elantra,2013
9500,70000,59917,Lake City, FL,KMHD35LE5DU091306,Hyundai,Elantra,2013
10995,70000,41960,Sterling Heights, MI,KMHD35LE5DU111893,Hyundai,Elantra,2013
13995,30000,30178,Pueblo, CO,KMHD35LH8HU358115,Hyundai,Elantra,2017
12600,40000,48622,Springfield, VA,KMHD35LH8GU262547,Hyundai,Elantra,2016
15291,40000,16114,Annapolis, MD,KMHD35LH0GU313975,Hyundai,Elantra,2016
12387,70000,30876,Marietta, GA,KMHD35LE5DU096439,Hyundai,Elantra,2013
11888,40000,47432,Lauderdale Lakes, FL,KMHD35LH7GU252964,Hyundai,Elantra,2016
13995,40000,31916,Metairie, LA,KMHD35LH9GU317586,Hyundai,Elantra,2016
11873,70000,42336,Pinellas Park, FL,KMHD35LE0DU080827,Hyundai,Elantra,2013
10795,60000,43651,Winchester, VA,KMHD35LH1EU166496,Hyundai,Elantra,2014
13050,60000,22226,Schenectady, NY,KMHD35LH6EU215207,Hyundai,Elantra,2014
15985,30000,17039,Millville, NJ,KMHD35LH0HU350557,Hyundai,Elantra,2017
9877,50000,63591,Manassas, VA,KMHD35LH7FU242692,Hyundai,Elantra,2015
13500,40000,49710,Daphne, AL,KMHD35LH9GU284380,Hyundai,Elantra,2016
12900,50000,37268,Hampton, VA,KMHD35LH8FU237842,Hyundai,Elantra,2015
10333,70000,50711,Tulsa, OK,KMHD35LEXDU154822,Hyundai,Elantra,2013
12200,60000,32981,Schenectady, NY,KMHD35LH3EU209199,Hyundai,Elantra,2014
10993,60000,53245,Northumberland, PA,KMHD35LHXEU176864,Hyundai,Elantra,2014
13911,40000,33909,Orlando, FL,KMHD35LH2GU300662,Hyundai,Elantra,2016
10900,70000,78317,Middleton, WI,KMHDH6AE0DU012506,Hyundai,Elantra,2013
11750,60000,83629,Madison, WI,KMHDH6AH8EU027265,Hyundai,Elantra,2014
11475,60000,46278,Shakopee, MN,KMHD35LHXEU172331,Hyundai,Elantra,2014
14911,60000,9718,Chandler, AZ,KMHD35LH6EU194584,Hyundai,Elantra,2014
13998,40000,35472,Texarkana, TX,KMHD35LH6GU291593,Hyundai,Elantra,2016
13990,50000,18583,St. Petersburg, FL,KMHD35LH6FU241789,Hyundai,Elantra,2015
12712,60000,31510,Hazelwood, MO,KMHD35LH4EU199427,Hyundai,Elantra,2014
9000,70000,100315,Tacoma, WA,KMHDH6AE3DU008756,Hyundai,Elantra,2013
12998,70000,9821,Edison, NJ,KMHD35LE4DU136414,Hyundai,Elantra,2013
11400,70000,41095,Ashland, VA,KMHD35LE6DU059321,Hyundai,Elantra,2013
13995,60000,24171,Waco, TX,KMHD35LH7EU220738,Hyundai,Elantra,2014
14995,40000,24854,Albuquerque, NM,KMHD35LHXGU321548,Hyundai,Elantra,2016
12979,40000,45789,Gardena, CA,KMHD35LH9GU263187,Hyundai,Elantra,2016
13699,60000,23587,Chesapeake, VA,KMHD35LH9EU228775,Hyundai,Elantra,2014
11866,60000,38903,Avon, IN,KMHD35LH8EU162378,Hyundai,Elantra,2014
14999,40000,22774,Vacaville, CA,KMHD35LH5GU310358,Hyundai,Elantra,2016
13151,40000,40261,Colorado Springs, CO,KMHD35LHXGU298482,Hyundai,Elantra,2016
7994,60000,79306,Fairfield, OH,KMHD35LH0EU178543,Hyundai,Elantra,2014
10286,70000,62461,Myrtle Beach, SC,KMHD35LE6DU022835,Hyundai,Elantra,2013
12500,40000,42421,Norcross, GA,KMHD35LHXGU302871,Hyundai,Elantra,2016
9994,70000,58303,Orlando, FL,KMHD35LE2DU018281,Hyundai,Elantra,2013
12500,60000,25327,Louisville, KY,KMHD35LH2EU167057,Hyundai,Elantra,2014
11695,70000,37773,Lakeville, MN,KMHD35LE9DU155234,Hyundai,Elantra,2013
11987,70000,35728,Patchogue, NY,KMHD35LE6DU125849,Hyundai,Elantra,2013
9463,70000,55857,Avondale, AZ,KMHD35LEXDU054767,Hyundai,Elantra,2013
14422,40000,42798,Dover, DE,KMHD35LH5GU286322,Hyundai,Elantra,2016
13600,40000,29578,Temple, TX,KMHD35LH6GU298477,Hyundai,Elantra,2016
13900,40000,32012,St. Augustine, FL,KMHD35LH3GU258521,Hyundai,Elantra,2016
13495,60000,23508,Melbourne, FL,KMHD35LH0EU194306,Hyundai,Elantra,2014
13495,60000,23520,KAHULUI, HI,KMHD35LH0EU204929,Hyundai,Elantra,2014
13500,50000,22270,Carrolton, TX,KMHD35LH1FU241232,Hyundai,Elantra,2015
15985,30000,9614,Gainesville, FL,KMHD35LHXHU377216,Hyundai,Elantra,2017
10995,60000,43950,Springville, UT,KMHD35LH3EU186135,Hyundai,Elantra,2014
14985,40000,23076,Cathedral City, CA,KMHD35LH6GU315004,Hyundai,Elantra,2016
11777,60000,49116,Waukesha, WI,KMHD35LH2EU183291,Hyundai,Elantra,2014
11500,70000,44473,Fairfax, VA,KMHD35LE7DU153255,Hyundai,Elantra,2013
13477,60000,24479,Baltimore, MD,KMHD35LH3EU165821,Hyundai,Elantra,2014
10490,70000,42123,DAVIE, FL,KMHD35LE2DU081025,Hyundai,Elantra,2013
13343,40000,38832,Concord, NC,KMHD35LH2GU340515,Hyundai,Elantra,2016
14988,40000,13981,Littleton, NH,KMHD35LH6GU321689,Hyundai,Elantra,2016
13999,50000,21900,Philadelphia, PA,KMHD35LH7FU236343,Hyundai,Elantra,2015
9999,70000,48416,Riverside, CA,KMHD35LE6DU077575,Hyundai,Elantra,2013
12987,40000,40974,Tracy, CA,KMHD35LH2GU257747,Hyundai,Elantra,2016
12284,60000,39542,Hazelwood, MO,KMHD35LH2EU195635,Hyundai,Elantra,2014
12988,70000,46717,Mt. Juliet, TN,KMHDH6AE3DU010121,Hyundai,Elantra,2013
13900,70000,36018,Universal City, TX,KMHDH6AE5DU017314,Hyundai,Elantra,2013
11600,50000,58636,Toledo, OH,KMHD35LH5FU244702,Hyundai,Elantra,2015
13689,70000,48465,Tucson, AZ,KMHDH6AE2DU013009,Hyundai,Elantra,2013
16495,30000,19078,Harrisburg, PA,KMHD35LH2HU375959,Hyundai,Elantra,2017
11500,60000,39876,Covina, CA,KMHD35LH1EU178373,Hyundai,Elantra,2014
7990,70000,73572,Daytona, FL,KMHD35LE1DU060893,Hyundai,Elantra,2013
8903,70000,72295,Westminster, MD,KMHD35LE4DU121864,Hyundai,Elantra,2013
10463,70000,58630,Winter Park, FL,KMHD35LE1DU044497,Hyundai,Elantra,2013
9773,70000,72476,Lawton, OK,KMHD35LE2DU082840,Hyundai,Elantra,2013
11995,70000,38815,Kingston, NY,KMHD35LE0DU136541,Hyundai,Elantra,2013
10459,70000,59649,Merrimack, NH,KMHD35LE0DU130156,Hyundai,Elantra,2013
11795,60000,36632,Bethlehem, PA,KMHD35LH3EU228464,Hyundai,Elantra,2014
11870,70000,77635,Temecula, CA,KMHDH6AE8DU020529,Hyundai,Elantra,2013
14481,60000,10348,Doylestown, PA,KMHD35LH5EU224531,Hyundai,Elantra,2014
12474,70000,35672,Woodbridge, VA,KMHD35LEXDU108486,Hyundai,Elantra,2013
12998,70000,23837,Lafayette, LA,KMHD35LE9DU038138,Hyundai,Elantra,2013
11000,60000,56514,Albany, NY,KMHD35LH7EU218004,Hyundai,Elantra,2014
12794,40000,42346,Houston, TX,KMHD35LH1GU253270,Hyundai,Elantra,2016
11994,50000,43586,Fremont, CA,KMHD35LHXFU245277,Hyundai,Elantra,2015
13560,50000,44278,Austin, TX,KMHD35LH7FU235922,Hyundai,Elantra,2015
8999,70000,62560,Miami Gardens, FL,KMHD35LE8DU118174,Hyundai,Elantra,2013
14998,60000,10058,Langhorne, PA,KMHD35LH9EU228209,Hyundai,Elantra,2014
12500,50000,37782,Kissimmee, FL,KMHD35LH3FU243385,Hyundai,Elantra,2015
13990,60000,28670,Anaheim, CA,KMHD35LHXEU196998,Hyundai,Elantra,2014
14371,60000,16671,Arlington, MA,KMHD35LH0EU208852,Hyundai,Elantra,2014
10690,70000,51984,Catonsville, MD,KMHD35LE2DU023643,Hyundai,Elantra,2013
16446,40000,7910,Hackettstown, NJ,KMHD35LH8GU318521,Hyundai,Elantra,2016
15788,40000,15955,Friendswood, TX,KMHD35LH4GU304471,Hyundai,Elantra,2016
11788,60000,57229,Norman, OK,KMHD35LH0EU169888,Hyundai,Elantra,2014
13995,40000,33027,Cherry Hiill, NJ,KMHD35LH4GU300680,Hyundai,Elantra,2016
13425,60000,37142,Arlington, WA,KMHD35LH7EU165482,Hyundai,Elantra,2014
13555,40000,34272,Elkhart, IN,KMHD35LH3GU300962,Hyundai,Elantra,2016
8318,70000,86089,St. Augustine, FL,KMHD35LEXDU133128,Hyundai,Elantra,2013
12900,40000,53762,Livermore, CA,KMHD35LH8GU256036,Hyundai,Elantra,2016
9995,70000,61478,Flemington, NJ,KMHD35LE5DU081746,Hyundai,Elantra,2013
15987,30000,24183,Old Saybrook, CT,KMHD35LH0HU377001,Hyundai,Elantra,2017
10941,70000,47679,Burlington, NJ,KMHD35LE5DU136311,Hyundai,Elantra,2013
10995,60000,59490,Houston, TX,KMHD35LH1EU157975,Hyundai,Elantra,2014
9500,70000,70977,Chamblee, GA,KMHD35LE0DU099166,Hyundai,Elantra,2013
10195,70000,83882,St. Louis, MO,KMHDH6AE0DU000419,Hyundai,Elantra,2013
10607,70000,54942,Watertown, CT,KMHD35LE6DU082856,Hyundai,Elantra,2013
13811,60000,21798,Deerfield, FL,KMHD35LH6EU204191,Hyundai,Elantra,2014
13990,60000,23370,Antioch, CA,KMHD35LH8EU193341,Hyundai,Elantra,2014
17491,30000,8339,Langhorne, PA,KMHD35LHXHU377412,Hyundai,Elantra,2017
12999,70000,19162,MIAMI, FL,KMHD35LE8DU153037,Hyundai,Elantra,2013
12900,50000,35519,Plano, TX,KMHD35LH5FU240326,Hyundai,Elantra,2015
11380,60000,45430,Walnut Creek, CA,KMHD35LH5EU193863,Hyundai,Elantra,2014
13882,60000,31675,Austin, TX,KMHD35LH8EU200191,Hyundai,Elantra,2014
13495,70000,37741,Newport News, VA,KMHD35LE6DU040641,Hyundai,Elantra,2013
13950,30000,40640,Sandy, UT,KMHD35LH8HU349964,Hyundai,Elantra,2017
13975,40000,41647,Lake Elsinore, CA,KMHD35LH5GU309064,Hyundai,Elantra,2016
12250,60000,45265,Bristol, TN,KMHD35LH8EU196787,Hyundai,Elantra,2014
12955,50000,40776,Yuba City, CA,KMHD35LH5FU241542,Hyundai,Elantra,2015
12951,70000,28419,Uniontown, PA,KMHD35LE9DU054629,Hyundai,Elantra,2013
12970,60000,42333,San Antonio, TX,KMHD35LH5EU171569,Hyundai,Elantra,2014
12529,60000,36126,Torrington, CT,KMHD35LH4EU162054,Hyundai,Elantra,2014
11889,70000,69447,Countryside, IL,KMHDH6AE6DU005155,Hyundai,Elantra,2013
11617,70000,43677,Downers Grove, IL,KMHD35LE3DU118115,Hyundai,Elantra,2013
10792,70000,62102,Conway, AR,KMHD35LE4DU073153,Hyundai,Elantra,2013
6882,70000,101720,Brooksville, FL,KMHD35LE1DU049490,Hyundai,Elantra,2013
12378,70000,35676,Salisbury, NC,KMHD35LE1DU060974,Hyundai,Elantra,2013
13499,60000,16862,Gardner, MA,KMHD35LH3EU204567,Hyundai,Elantra,2014
11989,70000,40483,Cookeville, TN,KMHD35LE6DU150802,Hyundai,Elantra,2013
13999,60000,29261,Manchester, NH,KMHD35LH5EU218020,Hyundai,Elantra,2014
13800,40000,35050,Cerritos, CA,KMHD35LH8GU266078,Hyundai,Elantra,2016
12836,60000,47829,Bloomington, IN,KMHD35LH8EU186244,Hyundai,Elantra,2014
13700,70000,19377,Bradenton, FL,KMHD35LE5DU134848,Hyundai,Elantra,2013
16987,40000,6389,Longview, TX,KMHD35LH3GU314280,Hyundai,Elantra,2016
9995,70000,54978,Marietta, GA,KMHD35LE2DU055878,Hyundai,Elantra,2013
12882,60000,45032,Austin, TX,KMHD35LH5EU220575,Hyundai,Elantra,2014
14676,60000,21947,Portland, OR,KMHD35LHXEU200063,Hyundai,Elantra,2014
12995,60000,33847,Brockport, NY,KMHD35LHXEU191056,Hyundai,Elantra,2014
10595,40000,74307,Sacramento, CA,KMHD35LH7GU266296,Hyundai,Elantra,2016
11808,70000,42308,Clearwater, FL,KMHD35LE1DU085177,Hyundai,Elantra,2013
11233,70000,50661,Columbus, OH,KMHD35LE8DU085841,Hyundai,Elantra,2013
13347,50000,38081,San Leandro, CA,KMHD35LH7FU236584,Hyundai,Elantra,2015
13999,40000,33485,Spokane Valley, WA,KMHD35LHXGU304684,Hyundai,Elantra,2016
12756,60000,39692,Hillsboro, OR,KMHD35LH0EU193902,Hyundai,Elantra,2014
10999,60000,60916,Inver Grove Heights, MN,KMHD35LHXEU178632,Hyundai,Elantra,2014
11995,70000,32210,Fort Wayne, IN,KMHD35LE9DU145903,Hyundai,Elantra,2013
10450,70000,59274,Cary, NC,KMHD35LE8DU032329,Hyundai,Elantra,2013
10900,60000,54347,Colorado Springs, CO,KMHD35LH0EU182625,Hyundai,Elantra,2014
14988,60000,17079,Spring, TX,KMHD35LH4EU196558,Hyundai,Elantra,2014
12380,70000,54311,Fort Collins, CO,KMHD35LE1DU088600,Hyundai,Elantra,2013
13991,40000,48858,Muncie, IN,KMHD35LH7GU286256,Hyundai,Elantra,2016
11400,70000,49940,Boise, ID,KMHD35LE6DU022351,Hyundai,Elantra,2013
13599,60000,40117,Bloomington, MN,KMHD35LHXEU219812,Hyundai,Elantra,2014
11488,70000,42102,Glenview, IL,KMHD35LE1DU029451,Hyundai,Elantra,2013
9900,60000,76744,New Bern, NC,KMHD35LH8EU228914,Hyundai,Elantra,2014
11759,70000,40592,Philadelphia, PA,KMHD35LE6DU084607,Hyundai,Elantra,2013
13998,40000,38721,Athens, GA,KMHD35LH7GU263074,Hyundai,Elantra,2016
11990,60000,51849,Knoxville, TN,KMHD35LH3EU207825,Hyundai,Elantra,2014
13977,70000,24878,Round Rock, TX,KMHD35LE0DU074400,Hyundai,Elantra,2013
17846,30000,6254,Hackettstown, NJ,KMHD35LH3HU377221,Hyundai,Elantra,2017
13900,60000,31296,Hickory, NC,KMHD35LH7EU218536,Hyundai,Elantra,2014
9495,70000,84591,Manassas, VA,KMHD35LEXDU093343,Hyundai,Elantra,2013
14987,50000,28394,Wichita, KS,KMHD35LH0FU236488,Hyundai,Elantra,2015
9275,70000,74224,Stonewall, LA,KMHD35LE5DU052084,Hyundai,Elantra,2013
12900,60000,41553,New Bern, NC,KMHD35LHXEU184866,Hyundai,Elantra,2014
14981,40000,23885,Henderson, TN,KMHD35LH9GU274948,Hyundai,Elantra,2016
14268,50000,31659,Melbourne, FL,KMHD35LH4FU241080,Hyundai,Elantra,2015
12498,50000,45323,Marlborough, MA,KMHD35LH2FU240588,Hyundai,Elantra,2015
12000,60000,46008,City of Industry, CA,KMHD35LH1EU202011,Hyundai,Elantra,2014
10256,60000,84235,San Diego, CA,KMHD35LH9EU181991,Hyundai,Elantra,2014
12994,70000,41190,Santa Fe, NM,KMHD35LE4DU025748,Hyundai,Elantra,2013
11500,70000,40809,Virginia Beach, VA,KMHD35LE4DU147302,Hyundai,Elantra,2013
13875,60000,27633,Cincinnati, OH,KMHD35LH3EU216797,Hyundai,Elantra,2014
14771,60000,20126,Columbia, CT,KMHD35LH4EU215965,Hyundai,Elantra,2014
8322,70000,84334,Manchester, NH,KMHD35LE3DU104084,Hyundai,Elantra,2013
13999,60000,31718,Burnsville, MN,KMHD35LH0EU171740,Hyundai,Elantra,2014
13700,50000,30343,Mesquite, TX,KMHD35LH4FU241158,Hyundai,Elantra,2015
9999,60000,68360,Sacramento, CA,KMHD35LH8EU166060,Hyundai,Elantra,2014
17846,30000,8475,Hackettstown, NJ,KMHD35LH8HU377389,Hyundai,Elantra,2017
12500,60000,38282,Olive Branch, MS,KMHD35LH4EU171238,Hyundai,Elantra,2014
11395,70000,52923,Grand Island, NY,KMHD35LE4DU153374,Hyundai,Elantra,2013
7601,80000,77853,Chantilly, VA,KMHDC8AE5CU137154,Hyundai,Elantra,2012
11995,70000,55242,Peoria, Az,KMHD35LE9DU074993,Hyundai,Elantra,2013
13195,60000,30109,Eastpointe, MI,KMHD35LH1EU178681,Hyundai,Elantra,2014
12900,60000,33690,Dallas, TX,KMHD35LHXEU218031,Hyundai,Elantra,2014
13300,50000,47376,Ada, OK,KMHD35LH4FU242603,Hyundai,Elantra,2015
14995,60000,13667,WILMINGTON, MA,KMHD35LH8EU218805,Hyundai,Elantra,2014
14991,40000,34909,Doylestown, PA,KMHD35LH4GU282956,Hyundai,Elantra,2016
9900,60000,70297,Virginia Beach, VA,KMHD35LH7EU171461,Hyundai,Elantra,2014
13995,40000,45859,El Paso, TX,KMHD35LH1GU251910,Hyundai,Elantra,2016
14777,40000,42984,Manchester, NH,KMHD35LHXGU262405,Hyundai,Elantra,2016
8990,70000,72723,Daytona, FL,KMHD35LE0DU097613,Hyundai,Elantra,2013
11490,60000,51393,Chicago, IL,KMHD35LH7EU183318,Hyundai,Elantra,2014
10892,70000,58287,Pineville, NC,KMHD35LE6DU087507,Hyundai,Elantra,2013
8995,70000,73139,Jacksonville, FL,KMHD35LE5DU080144,Hyundai,Elantra,2013
12991,50000,57415,Dixon, CA,KMHD35LHXFU239916,Hyundai,Elantra,2015
11995,60000,45713,Lancaster, PA,KMHD35LHXEU172457,Hyundai,Elantra,2014
13602,60000,31646,Easton, PA,KMHD35LH2EU204933,Hyundai,Elantra,2014
13788,60000,38032,Coon Rapids, MN,KMHD35LH1EU216328,Hyundai,Elantra,2014
10441,70000,67165,Austin, TX,KMHD35LE7DU072417,Hyundai,Elantra,2013
11994,60000,56167,Nicholasville, KY,KMHD35LH2EU216175,Hyundai,Elantra,2014
12095,60000,45163,Conyers, GA,KMHD35LH7EU231237,Hyundai,Elantra,2014
11994,70000,47918,Spokane, WA,KMHD35LE6DU087474,Hyundai,Elantra,2013
14000,50000,44857,Modesto, CA,KMHD35LH1FU244356,Hyundai,Elantra,2015
9298,70000,73648,MONMOUTH JUNCTION, NJ,KMHD35LEXDU047043,Hyundai,Elantra,2013
10897,60000,79471,Peoria, Az,KMHD35LH1EU193424,Hyundai,Elantra,2014
12800,60000,47143,Denville, NJ,KMHD35LHXEU195589,Hyundai,Elantra,2014
12491,70000,47858,Englewood, CO,KMHD35LE4DU132069,Hyundai,Elantra,2013
10495,70000,62527,Rochester, NY,KMHD35LE8DU063144,Hyundai,Elantra,2013
12990,60000,45098,Indianapolis, IN,KMHD35LHXEU229191,Hyundai,Elantra,2014
11800,60000,63765,Jacksonville, FL,KMHD35LH1EU203143,Hyundai,Elantra,2014
12995,50000,43907,Roseville, CA,KMHD35LH1FU237763,Hyundai,Elantra,2015
11498,70000,42328,GRIFFIN, GA,KMHD35LEXDU084867,Hyundai,Elantra,2013
12991,70000,68374,Scottsdale, AZ,KMHDH6AE0DU020606,Hyundai,Elantra,2013
11977,60000,64287,DeLand, FL,KMHD35LH4EU193644,Hyundai,Elantra,2014
17000,40000,9095,Lynnwood, WA,KMHD35LH1GU338447,Hyundai,Elantra,2016
10534,60000,75260,Cape Girardeau, MO,KMHD35LH4EU180439,Hyundai,Elantra,2014
13999,60000,33450,Johnston, RI,KMHD35LH3EU210854,Hyundai,Elantra,2014
12490,50000,50510,San Diego, CA,KMHD35LHXFU239592,Hyundai,Elantra,2015
11995,60000,62685,Clanton, AL,KMHD35LHXEU184303,Hyundai,Elantra,2014
8996,70000,91201,Cortlandt Manor, NY,KMHD35LE7DU043340,Hyundai,Elantra,2013
10795,70000,64501,Merriam, KS,KMHD35LE8DU105554,Hyundai,Elantra,2013
10600,70000,67735,Carrollton, TX,KMHD35LE7DU042494,Hyundai,Elantra,2013
14990,60000,29760,Anaheim, CA,KMHD35LH1EU196758,Hyundai,Elantra,2014
14888,40000,40587,Selma, CA,KMHD35LH3GU264948,Hyundai,Elantra,2016
14395,70000,45135,Langhorne, PA,KMHDH6AE0DU010030,Hyundai,Elantra,2013
14846,40000,40510,Hackettstown, NJ,KMHD35LHXGU253087,Hyundai,Elantra,2016
9600,70000,77858,Lima, OH,KMHD35LE6DU138200,Hyundai,Elantra,2013
12953,70000,33590,DAYTON, OH,KMHD35LEXDU148289,Hyundai,Elantra,2013
13900,60000,26351,Indianapolis, IN,KMHD35LH7EU177213,Hyundai,Elantra,2014
11085,70000,77068,Greeley, CO,KMHD35LE6DU034497,Hyundai,Elantra,2013
14500,60000,38008,Vandalia, OH,KMHD35LH6EU174108,Hyundai,Elantra,2014
11990,70000,61202,Edmonds, WA,KMHD35LE9DU023915,Hyundai,Elantra,2013
10995,70000,81450,New Bern, NC,KMHD35LE7DU071686,Hyundai,Elantra,2013
13987,50000,44223,Roseville, CA,KMHD35LH7FU237668,Hyundai,Elantra,2015
15000,40000,32214,Everett, WA,KMHD35LH5GU252526,Hyundai,Elantra,2016
15900,50000,22584,Edmonds, WA,KMHD35LH7FU250498,Hyundai,Elantra,2015
14900,50000,21591,Swainsboro, GA,KMHD35LH4FU241676,Hyundai,Elantra,2015
11612,70000,60802,St. Augustine, FL,KMHD35LE6DU047931,Hyundai,Elantra,2013
11595,70000,46842,Raleigh, NC,KMHD35LE2DU019219,Hyundai,Elantra,2013
13341,70000,35808,Kirkland, WA,KMHD35LE9DU152253,Hyundai,Elantra,2013
13295,60000,35366,Downey, CA,KMHD35LH2EU202244,Hyundai,Elantra,2014
7991,80000,94670,Huntersville, NC,KMHDC8AE9CU152806,Hyundai,Elantra,2012
13500,60000,50964,Wilmington, NC,KMHD35LH8EU173610,Hyundai,Elantra,2014
12892,60000,47879,Phoenix, AZ,KMHD35LH8EU201132,Hyundai,Elantra,2014
13995,40000,44647,Gilbert, AZ,KMHD35LH1GU264818,Hyundai,Elantra,2016
11985,70000,49278,Fort Wayne, IN,KMHD35LE4DU147395,Hyundai,Elantra,2013
10488,70000,67851,San Jose, CA,KMHD35LE0DU052140,Hyundai,Elantra,2013
11990,60000,49244,Rochester, NY,KMHD35LH9EU172255,Hyundai,Elantra,2014
9893,70000,64792,Gardner, MA,KMHD35LE2DU040409,Hyundai,Elantra,2013
15900,60000,15275,Myrtle Beach, SC,KMHD35LHXEU171504,Hyundai,Elantra,2014
11995,70000,43967,Ozark, AL,KMHD35LE3DU132533,Hyundai,Elantra,2013
11995,70000,47088,City of Industry, CA,KMHD35LE5DU058547,Hyundai,Elantra,2013
12881,70000,46141,San Jose, CA,KMHD35LE4DU129690,Hyundai,Elantra,2013
13991,50000,41034,Tampa, FL,KMHD35LH2FU235908,Hyundai,Elantra,2015
10250,70000,74766,Layton, UT,KMHD35LE6DU022561,Hyundai,Elantra,2013
13000,70000,37082,Glendora, CA,KMHD35LE3DU119121,Hyundai,Elantra,2013
13795,40000,48650,Union City, GA,KMHD35LH6GU284093,Hyundai,Elantra,2016
12895,70000,34007,Jackson, MS,KMHD35LE3DU080062,Hyundai,Elantra,2013
9988,70000,69043,Englewood, CO,KMHD35LE9DU052315,Hyundai,Elantra,2013
10990,70000,57011,Edgewater Park, NJ,KMHD35LE4DU034479,Hyundai,Elantra,2013
10395,90000,44627,Boardman, OH,KMHDB8AE1BU087645,Hyundai,Elantra,2011
14884,50000,44174,Oroville, CA,KMHD35LH6FU240156,Hyundai,Elantra,2015
13500,60000,45502,Keene, NH,KMHD35LH2EU233235,Hyundai,Elantra,2014
17990,30000,7884,Olive Branch, MS,KMHD35LH1HU377329,Hyundai,Elantra,2017
10990,70000,59115,Lumberton, NJ,KMHD35LE8DU067176,Hyundai,Elantra,2013
9779,60000,80704,Tucson, AZ,KMHD35LH6EU202747,Hyundai,Elantra,2014
12500,70000,50753,Burien, WA,KMHD35LE1DU034116,Hyundai,Elantra,2013
13980,70000,31371,Yucca Valley, CA,KMHD35LE6DU083019,Hyundai,Elantra,2013
12999,70000,43558,Algonquin, IL,KMHD35LE4DU101498,Hyundai,Elantra,2013
9800,70000,82222,Clanton, AL,KMHD35LE5DU025029,Hyundai,Elantra,2013
13980,70000,33399,Sanford, FL,KMHD35LE3DU098111,Hyundai,Elantra,2013
14950,60000,24491,WINTER HAVEN, FL,KMHD35LH9EU193624,Hyundai,Elantra,2014
10495,70000,73149,Salem, NH,KMHD35LE1DU022967,Hyundai,Elantra,2013
14995,70000,22257,Charlotte, NC,KMHD35LE0DU053272,Hyundai,Elantra,2013
11350,60000,63910,Vallejo, CA,KMHD35LH5EU181454,Hyundai,Elantra,2014
12395,70000,42160,Temple Hills, MD,KMHD35LE1DU058223,Hyundai,Elantra,2013
8972,70000,89876,Chillicothe, OH,KMHD35LE9DU118619,Hyundai,Elantra,2013
12990,60000,54841,Albany, OR,KMHD35LH6EU216387,Hyundai,Elantra,2014
13977,70000,40195,Hemet, CA,KMHD35LE2DU087651,Hyundai,Elantra,2013
14498,60000,35776,Keene, NH,KMHD35LH7EU223901,Hyundai,Elantra,2014
13495,60000,38069,Dade City, FL,KMHD35LH8EU227651,Hyundai,Elantra,2014
7450,80000,91404,Grove City, OH,KMHDC8AE5CU143374,Hyundai,Elantra,2012
12950,60000,53399,Birmingham, AL,KMHD35LH9EU207439,Hyundai,Elantra,2014
9580,70000,101302,Austin, TX,KMHD35LE9DU084231,Hyundai,Elantra,2013
13280,70000,29453,Philadelphia, PA,KMHD35LE1DU024220,Hyundai,Elantra,2013
13495,40000,56860,Union City, GA,KMHD35LH6GU269786,Hyundai,Elantra,2016
11689,70000,60275,Stanhope, NJ,KMHD35LE9DU022084,Hyundai,Elantra,2013
15235,60000,29952,Langhorne, PA,KMHD35LH3EU215147,Hyundai,Elantra,2014
13286,70000,41890,Danvers, MA,KMHD35LE7DU122927,Hyundai,Elantra,2013
19990,30000,3943,Temecula, CA,KMHD35LH0HU358318,Hyundai,Elantra,2017
12397,40000,70522,Richmond, VA,KMHD35LHXGU263148,Hyundai,Elantra,2016
6991,70000,161024,Conway, AR,KMHDH6AEXDU017311,Hyundai,Elantra,2013
11980,60000,65358,Columbia, MO,KMHD35LH3EU233423,Hyundai,Elantra,2014
9796,70000,86220,Goldsboro, NC,KMHD35LE0DU090113,Hyundai,Elantra,2013
9295,80000,71592,Tallahassee, FL,KMHDB8AE9CU128265,Hyundai,Elantra,2012
12999,70000,38177,Columbus, OH,KMHD35LE9DU081698,Hyundai,Elantra,2013
12364,50000,63615,Pikeville, KY,KMHD35LH5FU242562,Hyundai,Elantra,2015
11990,70000,70305,Escondido, CA,KMHD35LE6DU091900,Hyundai,Elantra,2013
9995,90000,55394,Jacksonville, FL,KMHDC8AE6BU087105,Hyundai,Elantra,2011
12595,60000,52300,Chesapeake, VA,KMHD35LH1EU229578,Hyundai,Elantra,2014
6444,100000,89994,Rahway, NJ,KMHDB8AE6AU066613,Hyundai,Elantra,2010
13480,70000,29849,Philadelphia, PA,KMHD35LE0DU025066,Hyundai,Elantra,2013
13795,40000,55787,Lexington, KY,KMHD35LH4GU283797,Hyundai,Elantra,2016
13995,70000,27590,Melbourne, FL,KMHD35LE0DU056401,Hyundai,Elantra,2013
14890,60000,34065,Schaumburg, IL,KMHD35LH9EU222815,Hyundai,Elantra,2014
14500,70000,49982,Centennial, CO,KMHD35LE2DU149016,Hyundai,Elantra,2013
10280,70000,72814,Wickliffe, OH,KMHD35LE5DU083030,Hyundai,Elantra,2013
12468,70000,46547,Cincinnati, OH,KMHD35LE8DU137176,Hyundai,Elantra,2013
10425,70000,82347,Langhorne, PA,KMHD35LE0DU147247,Hyundai,Elantra,2013
14990,60000,42630,Anaheim, CA,KMHD35LH2EU221909,Hyundai,Elantra,2014
9802,70000,89416,Muskogee, OK,KMHD35LE4DU084248,Hyundai,Elantra,2013
14983,60000,32023,Doylestown, PA,KMHD35LH8EU201499,Hyundai,Elantra,2014
10899,70000,68406,Saint Louis Park, MN,KMHD35LE8DU129918,Hyundai,Elantra,2013
12951,60000,58234,El Cajon, CA,KMHD35LH6EU171385,Hyundai,Elantra,2014
12722,70000,55289,Kirkland, WA,KMHD35LE0DU140086,Hyundai,Elantra,2013
15995,40000,32081,Florissant, MO,KMHD35LHXGU300392,Hyundai,Elantra,2016
15300,60000,34348,Issaquah, WA,KMHD35LH4EU215934,Hyundai,Elantra,2014
13459,70000,42768,Concord, NC,KMHD35LEXDU105832,Hyundai,Elantra,2013
9988,70000,80143,Estero, FL,KMHD35LE7DU035173,Hyundai,Elantra,2013
9460,70000,95401,Metairie, LA,KMHD35LE2DU098052,Hyundai,Elantra,2013
10977,70000,87566,Denton, TX,KMHD35LE2DU052513,Hyundai,Elantra,2013
12495,60000,69729,Greenville, NC,KMHD35LH9EU185278,Hyundai,Elantra,2014
11877,60000,71836,Murray, UT,KMHD35LH3EU229985,Hyundai,Elantra,2014
12695,70000,49720,Duluth, GA,KMHD35LE3DU048695,Hyundai,Elantra,2013
12198,70000,71756,Whitesboro, TX,KMHD35LE7DU073356,Hyundai,Elantra,2013
14995,60000,32376,Everett, WA,KMHD35LH6EU231133,Hyundai,Elantra,2014
11999,70000,69298,Vacaville, CA,KMHD35LE5DU081598,Hyundai,Elantra,2013
10990,70000,85052,Marlton, NJ,KMHD35LE3DU096570,Hyundai,Elantra,2013
11395,60000,74658,West Covina, CA,KMHD35LH2EU191102,Hyundai,Elantra,2014
8428,70000,102597,Jersey City, NJ,KMHD35LE3DU046171,Hyundai,Elantra,2013
16991,60000,15273,Plano, TX,KMHD35LH5EU192874,Hyundai,Elantra,2014
15820,60000,32509,HENDERSONVILLE, TN,KMHD35LHXEU204078,Hyundai,Elantra,2014
10995,70000,79288,Eatontown, NJ,KMHD35LE4DU147641,Hyundai,Elantra,2013
15988,60000,30901,Renton, WA,KMHD35LH8EU225205,Hyundai,Elantra,2014
4100,70000,190329,New Bedford, MA,KMHDH6AE0DU004650,Hyundai,Elantra,2013
10000,100000,57543,Branson West, MO,KMHDC8AEXAU055854,Hyundai,Elantra,2010
8701,70000,101488,Keyport, NJ,KMHD35LE9DU136330,Hyundai,Elantra,2013
9995,70000,86958,Merritt Island, FL,KMHD35LEXDU072721,Hyundai,Elantra,2013
17991,50000,12232,Avenel, NJ,KMHD35LH6FU240710,Hyundai,Elantra,2015
12250,70000,71224,Bristol, TN,KMHD35LE9DU034364,Hyundai,Elantra,2013
12195,70000,62208,Miami, FL,KMHD35LE7DU109420,Hyundai,Elantra,2013
14595,70000,36416,Irving, TX,KMHD35LE0DU080472,Hyundai,Elantra,2013
13295,70000,52083,Charlotte, NC,KMHD35LE1DU052826,Hyundai,Elantra,2013
11998,70000,72641,Glendora, CA,KMHD35LE8DU033545,Hyundai,Elantra,2013
9000,70000,104028,Escondido, CA,KMHD35LE3DU094348,Hyundai,Elantra,2013
13180,60000,62477,Moreno Valley, CA,KMHD35LH4EU229056,Hyundai,Elantra,2014
11777,70000,105389,Mesa, AZ,KMHDH6AE8DU008509,Hyundai,Elantra,2013
10998,70000,86475,Bel Air, MD,KMHD35LE8DU152678,Hyundai,Elantra,2013
15895,40000,49006,Lithia Springs, GA,KMHD35LH7GU284670,Hyundai,Elantra,2016
12900,60000,68154,El Cajon, CA,KMHD35LH5EU221371,Hyundai,Elantra,2014
12499,70000,69822,Yuba City, CA,KMHD35LE8DU077903,Hyundai,Elantra,2013
8995,70000,115363,Anaheim, CA,KMHD35LE3DU073712,Hyundai,Elantra,2013
12595,70000,63767,Tulsa, OK,KMHD35LE3DU120222,Hyundai,Elantra,2013
14995,70000,44815,Salem, OR,KMHD35LE8DU112133,Hyundai,Elantra,2013
11695,60000,83593,Las Vegas, NV,KMHD35LH9EU201866,Hyundai,Elantra,2014
12795,60000,70443,Conyers, GA,KMHD35LH9EU172921,Hyundai,Elantra,2014
13795,70000,83731,Irving, TX,KMHDH6AE1DU019299,Hyundai,Elantra,2013
9713,70000,110134,Watertown, CT,KMHD35LEXDU091253,Hyundai,Elantra,2013
14095,70000,49080,Irving, TX,KMHD35LE1DU130182,Hyundai,Elantra,2013
22995,20000,229,Winter Park, FL,KMHH55LC0JU016311,Hyundai,Elantra,2018
16000,60000,42263,City of Industry, CA,KMHD35LH9EU178282,Hyundai,Elantra,2014
15775,60000,42600,Puyallup, WA,KMHD35LH0EU199912,Hyundai,Elantra,2014
10994,70000,92375,Denver, CO,KMHD35LE4DU080538,Hyundai,Elantra,2013
13595,70000,61276,Tallahassee, FL,KMHD35LE2DU037851,Hyundai,Elantra,2013
12000,60000,94155,Glendora, CA,KMHD35LH7EU158421,Hyundai,Elantra,2014
11795,70000,86513,Gainesville, FL,KMHD35LE4DU058751,Hyundai,Elantra,2013
17975,60000,23430,Everett, WA,KMHD35LH7EU233456,Hyundai,Elantra,2014
13900,70000,71606,Council Bluffs, IA,KMHD35LE7DU104718,Hyundai,Elantra,2013
8999,80000,80236,Murfreesboro, TN,KMHDB8AE3CU143232,Hyundai,Elantra,2012
14595,60000,17983,Chantilly, VA,KMHDH6AH2EU025592,Hyundai,Elantra,2014
12795,60000,91218,Gainesville, FL,KMHD35LH6EU205065,Hyundai,Elantra,2014
6988,90000,104441,Somerville, NJ,KMHDB8AE6BU094302,Hyundai,Elantra,2011
22991,40000,50,Hemet, CA,KMHD35LH4GU323019,Hyundai,Elantra,2016
13990,60000,31005,Downingtown, PA,KMHDH6AH9EU026500,Hyundai,Elantra,2014
22344,40000,3483,Long Island  City, NY,KMHD35LH0GU334115,Hyundai,Elantra,2016
7995,90000,92678,Chantilly, VA,KMHDC8AE8BU087736,Hyundai,Elantra,2011
10795,80000,68307,Tallahassee, FL,KMHDC8AE7CU158524,Hyundai,Elantra,2012
12995,70000,87670,Greensboro, NC,KMHD35LE4DU043179,Hyundai,Elantra,2013
14895,60000,73676,Lewisville, TX,KMHD35LH0EU200198,Hyundai,Elantra,2014
11995,70000,40799,Tampa, FL,KMHDH6AE3DU017263,Hyundai,Elantra,2013
9888,80000,48392,Pittsboro, NC,KMHDB8AE8CU131027,Hyundai,Elantra,2012
7900,100000,48921,Capitol Heights, MD,KMHDC8AEXAU064070,Hyundai,Elantra,2010
7991,90000,99878,Countryside, IL,KMHDC8AE3BU111439,Hyundai,Elantra,2011
9495,100000,71510,New Castle, DE,KMHDB8AE4AU081711,Hyundai,Elantra,2010
8995,100000,44191,Winchester, VA,KMHDB8AE4AU058168,Hyundai,Elantra,2010
13995,60000,37899,Mahwah, NJ,KMHDH6AH4EU027568,Hyundai,Elantra,2014
23991,40000,44,Hemet, CA,KMHD35LH2GU322175,Hyundai,Elantra,2016
10000,100000,80271,Monroe, LA,KMHDB8AE3AU063104,Hyundai,Elantra,2010
13888,60000,47135,Chantilly, VA,KMHDH6AH1EU028144,Hyundai,Elantra,2014
14595,70000,79389,Lakewood, CO,KMHD35LE0DU025763,Hyundai,Elantra,2013
8995,80000,69028,Metairie, LA,KMHDB8AE1CU129619,Hyundai,Elantra,2012
9595,90000,87457,Gainesville, FL,KMHDB8AE5BU092069,Hyundai,Elantra,2011
12900,80000,57000,Little Rock, AR,KMHDC8AE2CU129142,Hyundai,Elantra,2012
10495,80000,87010,Memphis, TN,KMHDB8AE5CU142261,Hyundai,Elantra,2012
9965,90000,42729,St. Petersburg, FL,KMHDB8AE0BU121722,Hyundai,Elantra,2011
15795,70000,71763,Forest Park, GA,KMHD35LEXDU019677,Hyundai,Elantra,2013
14695,70000,85546,Dallas, TX,KMHD35LE3DU018211,Hyundai,Elantra,2013
15440,60000,11907,North Attleboro, MA,KMHD35LH5EU185455,Hyundai,Elantra,2014
24991,40000,51,Hemet, CA,KMHD35LH3GU327255,Hyundai,Elantra,2016
10195,100000,82632,Indianapolis, IN,KMHDC8AE0AU080164,Hyundai,Elantra,2010
25859,20000,49,Phoenix, AZ,KMHH35LE4JU022023,Hyundai,Elantra,2018
3995,60000,229825,Detroit, MI,KMHD35LH7EU209349,Hyundai,Elantra,2014
7500,80000,101084,Orlando, FL,KMHDB8AE7CU140530,Hyundai,Elantra,2012
14597,70000,13435,Wichita, KS,KMHD35LE9DU108964,Hyundai,Elantra,2013
7296,100000,77853,Abington, MA,KMHDC8AE5AU051324,Hyundai,Elantra,2010
14875,40000,31983,Thomasville, GA,KMHD35LH8GU266470,Hyundai,Elantra,2016
9595,100000,95615,Lauderdale Lakes, FL,KMHDB8AE3AU058372,Hyundai,Elantra,2010
16145,40000,13608,Olive Branch, MS,KMHD35LH8GU308541,Hyundai,Elantra,2016
10995,60000,25659,DICKSON, TN,KMHDH6AH0EU029026,Hyundai,Elantra,2014
9272,80000,77009,Moscow, ID,KMHDB8AE9CU151495,Hyundai,Elantra,2012
16174,40000,16682,Summit, NJ,KMHD35LH1GU326170,Hyundai,Elantra,2016
10295,90000,99508,Bradenton, FL,KMHDC8AE1BU099632,Hyundai,Elantra,2011
14800,60000,26505,Abilene, TX,KMHD35LH9EU218568,Hyundai,Elantra,2014
13977,70000,52471,Tacoma, WA,KMHDH6AE4DU005848,Hyundai,Elantra,2013
11750,70000,31588,Greenfield, WI,KMHDH6AE8DU017128,Hyundai,Elantra,2013
15995,40000,33116,Victorville, CA,KMHD35LH1GU309014,Hyundai,Elantra,2016
12627,70000,39329,Abington, MA,KMHD35LEXDU055045,Hyundai,Elantra,2013
9990,70000,81836,WEST CHESTER, PA,KMHD35LE4DU047426,Hyundai,Elantra,2013
14995,40000,47989,Mankato, MN,KMHD35LH4GU264523,Hyundai,Elantra,2016
12800,70000,48352,Little Rock, AR,KMHD35LE3DU080112,Hyundai,Elantra,2013
16998,40000,3950,Boulder, CO,KMHD35LH1GU338013,Hyundai,Elantra,2016
11888,30000,10213,Richardson, TX,KMHD35LH7HU357733,Hyundai,Elantra,2017
14095,60000,37115,Midlothian, IL,KMHD35LH0EU229250,Hyundai,Elantra,2014
12640,70000,46252,Lakewood, CO,KMHD35LE5DU121257,Hyundai,Elantra,2013
10600,40000,48888,Stillwater, OK,KMHD35LH9GU324716,Hyundai,Elantra,2016
12750,60000,40020,Greenfield, WI,KMHDH6AH3EU026301,Hyundai,Elantra,2014
14778,50000,41797,Summit, NJ,KMHD35LH4FU241709,Hyundai,Elantra,2015
11490,70000,61931,Ansonia, CT,KMHD35LE7DU129571,Hyundai,Elantra,2013
14900,60000,31000,Little Rock, AR,KMHD35LHXEU230955,Hyundai,Elantra,2014
15350,70000,32477,Albuquerque, NM,KMHD35LE6DU112129,Hyundai,Elantra,2013
12200,30000,17056,Salt Lake City, UT,KMHD35LH3HU362153,Hyundai,Elantra,2017
10500,70000,78000,Orange, CA,KMHD35LE2DU063589,Hyundai,Elantra,2013
13995,60000,39094,Glassboro, NJ,KMHD35LH2EU178169,Hyundai,Elantra,2014
13995,60000,39138,Glassboro, NJ,KMHD35LH0EU167106,Hyundai,Elantra,2014
12500,70000,20675,Albany, NY,KMHDH6AE6DU006225,Hyundai,Elantra,2013
9975,70000,95316,Urbana, IL,KMHD35LE8DU050409,Hyundai,Elantra,2013
13395,60000,53288,Conway, SC,KMHD35LH3EU166502,Hyundai,Elantra,2014
9821,70000,61395,Strongsville, OH,KMHDH6AE9DU002251,Hyundai,Elantra,2013
12995,70000,54071,Honolulu, HI,KMHDH6AE2DU008084,Hyundai,Elantra,2013
17300,40000,4504,Red Springs, NC,KMHD35LH8GU335979,Hyundai,Elantra,2016
9900,70000,65830,Tampa, Fl,KMHDH6AE4DU015022,Hyundai,Elantra,2013
10600,70000,59821,Anaheim, CA,KMHDH6AE6DU010730,Hyundai,Elantra,2013
14995,60000,37964,Manhattan, KS,KMHD35LH2EU163963,Hyundai,Elantra,2014
10299,60000,65688,Enfield, CT,KMHDH6AH0EU027602,Hyundai,Elantra,2014
17991,40000,24,San Antonio, TX,KMHD35LH2GU338358,Hyundai,Elantra,2016
17990,40000,510,Indianapolis, IN,KMHD35LH5GU270167,Hyundai,Elantra,2016
11830,70000,39362,Northglenn, CO,KMHDH6AE3DU008661,Hyundai,Elantra,2013
14990,40000,8033,Olympia, WA,KMHD35LH1GU337069,Hyundai,Elantra,2016
10000,70000,63182,Ledgewood, NJ,KMHDH6AE7DU016620,Hyundai,Elantra,2013
13980,70000,36591,Chesapeake, VA,KMHD35LE9DU151409,Hyundai,Elantra,2013
13900,30000,18475,Rockwall, TX,KMHD35LH3HU368678,Hyundai,Elantra,2017
9995,70000,60302,St. Petersburg, FL,KMHDH6AE0DU011999,Hyundai,Elantra,2013
11217,70000,73237,Conroe, TX,KMHD35LE9DU044506,Hyundai,Elantra,2013
9229,70000,72818,North Palm Beach, FL,KMHDH6AE0DU004762,Hyundai,Elantra,2013
12900,100000,62322,Hampton, VA,KMHDC8AE6AU075308,Hyundai,Elantra,2010
10880,70000,65080,Stanhope, NJ,KMHD35LE5DU060847,Hyundai,Elantra,2013
12250,70000,51042,Salisbury, MD,KMHD35LE5DU044860,Hyundai,Elantra,2013
14095,60000,62476,Houston, TX,KMHD35LH6EU169751,Hyundai,Elantra,2014
10990,60000,37747,Olympia, WA,KMHD35LH8EU176894,Hyundai,Elantra,2014
14000,30000,22915,St. Louis, MO,KMHD35LH8HU347678,Hyundai,Elantra,2017
15000,40000,12610,Huntington Beach, CA,KMHD35LH5GU323241,Hyundai,Elantra,2016
10995,70000,75169,Ellicott City, MD,KMHD35LE4DU048382,Hyundai,Elantra,2013
14995,70000,21200,Los Angeles, CA,KMHD35LEXDU067177,Hyundai,Elantra,2013
12695,70000,50900,RICHFIELD, MN,KMHD35LE0DU152688,Hyundai,Elantra,2013
11500,70000,57345,Chester, VA,KMHDH6AE8DU006470,Hyundai,Elantra,2013
8988,60000,53260,Elmhurst, NY,KMHD35LH8EU178550,Hyundai,Elantra,2014
10800,70000,70621,Owensboro, KY,KMHD35LE7DU071204,Hyundai,Elantra,2013
10771,60000,43281,Marlow Heights, MD,KMHD35LH2EU177345,Hyundai,Elantra,2014
13495,70000,41407,Aurora, IL,KMHD35LE5DU151181,Hyundai,Elantra,2013
18100,40000,2883,Odessa, TX,KMHD35LH9GU307544,Hyundai,Elantra,2016
15999,40000,36776,El Paso, TX,KMHD35LH0GU264597,Hyundai,Elantra,2016
13249,40000,46978,GARDEN GROVE, CA,KMHD35LH1GU263183,Hyundai,Elantra,2016
11990,40000,47836,Monroe, LA,KMHD35LH6GU255970,Hyundai,Elantra,2016
13795,60000,77562,Fayetteville, NC,KMHD35LH2EU190516,Hyundai,Elantra,2014
11500,60000,42350,Coconut Creek, FL,KMHD35LH0EU174346,Hyundai,Elantra,2014
11795,70000,60302,Lombard, IL,KMHD35LE6DU086101,Hyundai,Elantra,2013
12595,40000,45921,Gilbert, AZ,KMHD35LH3GU251956,Hyundai,Elantra,2016
13991,40000,33523,Carson, CA,KMHD35LH7GU309051,Hyundai,Elantra,2016
14998,70000,23318,Houston, TX,KMHD35LE8DU055433,Hyundai,Elantra,2013
10995,60000,38537,Bethlehem, PA,KMHD35LH2EU201952,Hyundai,Elantra,2014
12995,70000,50209,Nashville, TN,KMHD35LE3DU034568,Hyundai,Elantra,2013
12800,40000,46909,Coolidge, AZ,KMHD35LH7GU264905,Hyundai,Elantra,2016
7995,70000,110370,Milwaukee, WI,KMHDH6AEXDU000802,Hyundai,Elantra,2013
11950,60000,31133,Ephrata, PA,KMHD35LH7EU171721,Hyundai,Elantra,2014
13990,40000,40784,Temecula, CA,KMHD35LH5GU309260,Hyundai,Elantra,2016
15999,60000,27211,Bayside, NY,KMHDH6AHXEU025937,Hyundai,Elantra,2014
13967,70000,76098,Gautier, MS,KMHDH6AEXDU022802,Hyundai,Elantra,2013
12995,60000,43049,Reno, NV,KMHD35LH1EU230858,Hyundai,Elantra,2014
10942,70000,79762,Burlington, NJ,KMHD35LE2DU035744,Hyundai,Elantra,2013
14990,60000,14099,Bowie, MD,KMHD35LH8EU208226,Hyundai,Elantra,2014
15495,60000,46691,Chantilly, VA,KMHD35LHXEU173978,Hyundai,Elantra,2014
12000,70000,35547,Albany, NY,KMHD35LE5DU062727,Hyundai,Elantra,2013
12841,60000,33822,Nashville, TN,KMHD35LH1EU172279,Hyundai,Elantra,2014
13990,40000,45244,Temecula, CA,KMHD35LH4GU258480,Hyundai,Elantra,2016
15990,50000,40841,Olive Branch, MS,KMHD35LH2FU250408,Hyundai,Elantra,2015
12999,70000,42198,Bremerton, WA,KMHD35LE4DU073461,Hyundai,Elantra,2013
14000,60000,34095,North Attleboro, MA,KMHD35LH3EU233258,Hyundai,Elantra,2014
13988,40000,39980,Friendswood, TX,KMHD35LH3GU309127,Hyundai,Elantra,2016
13995,60000,37073,Reno, NV,KMHD35LH0EU233122,Hyundai,Elantra,2014
14995,70000,36914,Honolulu, HI,KMHD35LE5DU078197,Hyundai,Elantra,2013
15695,40000,54820,Union City, GA,KMHD35LH1GU269209,Hyundai,Elantra,2016
13499,70000,30750,Huntersville, NC,KMHD35LE3DU123959,Hyundai,Elantra,2013
9975,70000,55298,Albuquerque, NM,KMHD35LE2DU063835,Hyundai,Elantra,2013
11641,60000,54382,Cookeville, TN,KMHD35LH6EU173346,Hyundai,Elantra,2014
15395,70000,34075,Lexington, KY,KMHD35LEXDU055238,Hyundai,Elantra,2013
13922,50000,42844,Richmond, VA,KMHD35LH1FU242266,Hyundai,Elantra,2015
12991,60000,33989,Houston, TX,KMHD35LHXEU220197,Hyundai,Elantra,2014
11840,60000,61010,South Jordan, UT,KMHD35LH1EU171472,Hyundai,Elantra,2014
13995,70000,53290,West Chester, PA,KMHD35LE5DU151388,Hyundai,Elantra,2013
13483,40000,52383,Albuquerque, NM,KMHD35LHXGU257558,Hyundai,Elantra,2016
11895,70000,79397,Norfolk, VA,KMHD35LE9DU100699,Hyundai,Elantra,2013
14000,70000,22526,Claremont, CA,KMHD35LE3DU119619,Hyundai,Elantra,2013
12930,70000,34945,Littleton, CO,KMHD35LE5DU060301,Hyundai,Elantra,2013
12989,70000,37390,Shreveport, LA,KMHD35LE8DU053150,Hyundai,Elantra,2013
9500,40000,103451,Council Bluffs, IA,KMHD35LH2GU302539,Hyundai,Elantra,2016
12899,60000,47397,Tallahassee, FL,KMHD35LH4EU207557,Hyundai,Elantra,2014
12400,60000,43892,Ephrata, PA,KMHD35LH7EU167071,Hyundai,Elantra,2014
13500,60000,40875,Council Bluffs, IA,KMHD35LH8EU222272,Hyundai,Elantra,2014
14624,60000,38957,Anaheim, CA,KMHD35LH9EU203407,Hyundai,Elantra,2014
11695,70000,91732,Augusta, GA,KMHD35LE7DU041586,Hyundai,Elantra,2013
17490,30000,15027,Olive Branch, MS,KMHD35LH6HU377455,Hyundai,Elantra,2017
14395,60000,69359,Gastonia, NC,KMHD35LH8EU178399,Hyundai,Elantra,2014
11995,70000,89677,Antioch, TN,KMHD35LE2DU060921,Hyundai,Elantra,2013
13944,40000,42410,Houston, TX,KMHD35LH9GU256773,Hyundai,Elantra,2016
12660,60000,57682,Rainbow City, AL,KMHD35LHXEU202976,Hyundai,Elantra,2014
10990,70000,69277,Amarillo, TX,KMHD35LE4DU024132,Hyundai,Elantra,2013
15310,60000,32786,Portland, OR,KMHD35LH7EU171587,Hyundai,Elantra,2014
15295,60000,60950,Macon, GA,KMHD35LH3EU170419,Hyundai,Elantra,2014
9969,60000,82717,Conyers, GA,KMHD35LH6EU157891,Hyundai,Elantra,2014
15499,70000,18076,Bayside, NY,KMHD35LE8DU037210,Hyundai,Elantra,2013
14890,60000,41278,Temecula, CA,KMHD35LH4EU217585,Hyundai,Elantra,2014
11991,70000,54680,Tracy, CA,KMHD35LE5DU074893,Hyundai,Elantra,2013
16295,50000,60831,Round Rock, TX,KMHD35LH7FU248184,Hyundai,Elantra,2015
8995,80000,79720,Naugatuck, CT,KMHDC8AE4CU151238,Hyundai,Elantra,2012
10091,70000,81914,Valencia, CA,KMHD35LE2DU120860,Hyundai,Elantra,2013
14900,40000,50404,Fairless Hills, PA,KMHD35LH4GU262867,Hyundai,Elantra,2016
15975,40000,41215,Everett, WA,KMHD35LH2GU277402,Hyundai,Elantra,2016
13000,70000,96347,North Little Rock, AR,KMHDH6AEXDU010326,Hyundai,Elantra,2013
11988,70000,54782,Wichita, KS,KMHD35LE6DU061635,Hyundai,Elantra,2013
10558,70000,89901,Shelby, NC,KMHD35LE0DU108691,Hyundai,Elantra,2013
9995,70000,102542,Riverhead, NY,KMHD35LE3DU024977,Hyundai,Elantra,2013
20905,40000,1189,Richmond, CA,KMHD35LH1GU332339,Hyundai,Elantra,2016